claim_id,orid,verified,falsified,inconclusive,toy
11,06Nk3dJDMq,0,0,4,1
12,06Nk3dJDMq,0,0,4,1
13,06Nk3dJDMq,0,0,4,1
14,06Nk3dJDMq,1,0,2,2
15,06Nk3dJDMq,0,0,2,3
16,06Nk3dJDMq,1,0,1,3
17,08tW615mgI,0,0,2,0
18,08tW615mgI,0,0,2,0
19,08tW615mgI,0,0,1,1
20,08tW615mgI,0,0,1,1
21,08tW615mgI,0,0,2,0
22,08tW615mgI,0,0,1,1
23,09CSjVeDug,0,0,3,0
24,09CSjVeDug,0,0,1,2
25,09CSjVeDug,0,0,3,0
26,09CSjVeDug,0,0,3,0
27,09CSjVeDug,0,0,2,1
47,0JDzkrKzaA,1,0,1,0
48,0JDzkrKzaA,1,0,1,0
49,0JDzkrKzaA,2,0,0,0
50,0JDzkrKzaA,1,0,1,0
51,0JDzkrKzaA,1,0,1,0
52,0JDzkrKzaA,1,0,0,1
53,0JDzkrKzaA,2,0,0,0
54,0LeyqHkrEG,0,0,0,2
55,0LeyqHkrEG,0,0,0,2
56,0LeyqHkrEG,0,0,0,2
63,0Moj0YgFEF,0,0,2,0
64,0Moj0YgFEF,0,0,2,0
65,0Moj0YgFEF,0,0,2,0
66,0Moj0YgFEF,0,1,1,0
67,0Moj0YgFEF,0,0,2,0
68,0Moj0YgFEF,0,0,1,1
69,0Mvm3lqLjF,2,1,1,0
70,0Mvm3lqLjF,1,0,3,0
71,0Mvm3lqLjF,4,0,0,0
72,0Mvm3lqLjF,4,0,0,0
73,0Mvm3lqLjF,3,0,1,0
86,0QsbcZKCQ0,0,0,0,2
87,0QsbcZKCQ0,0,0,2,0
88,0QsbcZKCQ0,2,0,0,0
89,0QsbcZKCQ0,0,0,0,2
90,0QsbcZKCQ0,2,0,0,0
91,0QsbcZKCQ0,0,0,2,0
98,0S2WJSFkp0,0,0,1,1
99,0S2WJSFkp0,0,0,2,0
100,0S2WJSFkp0,0,0,2,0
101,0S2WJSFkp0,0,0,2,0
102,0S2WJSFkp0,0,1,1,0
103,0S2WJSFkp0,0,1,1,0
104,0SGle5hjIf,3,0,1,0
105,0SGle5hjIf,0,0,4,0
106,0SGle5hjIf,1,1,2,0
107,0SGle5hjIf,3,0,1,0
108,0SGle5hjIf,2,0,1,1
109,0SGle5hjIf,2,0,1,1
110,0VEeF91Fm6,0,0,2,0
111,0VEeF91Fm6,0,0,2,0
112,0VEeF91Fm6,2,0,0,0
113,0VEeF91Fm6,0,2,0,0
114,0VEeF91Fm6,0,2,0,0
115,0VEeF91Fm6,0,2,0,0
116,0Y7itV1kb7,1,0,1,0
117,0Y7itV1kb7,0,0,2,0
118,0Y7itV1kb7,0,0,2,0
119,0Y7itV1kb7,0,0,2,0
120,0Y7itV1kb7,0,0,2,0
121,0Y7itV1kb7,1,0,1,0
122,0nrxgFZEEq,1,0,0,1
123,0nrxgFZEEq,1,0,1,0
150,0tgzJK50Jz,0,0,3,0
151,0tgzJK50Jz,0,0,2,1
152,0tgzJK50Jz,0,0,3,0
153,0tgzJK50Jz,0,0,3,0
154,0tgzJK50Jz,1,0,1,1
156,0ujhEWEeAc,9,0,2,1
157,0ujhEWEeAc,8,0,2,2
158,0ujhEWEeAc,8,0,1,3
159,0ujhEWEeAc,10,0,1,1
162,0ujhEWEeAc,5,0,5,2
163,0ujhEWEeAc,6,0,3,3
177,0xOj6kVMbb,0,1,2,0
178,0xOj6kVMbb,3,0,0,0
179,0xOj6kVMbb,1,0,1,1
180,0xOj6kVMbb,0,0,2,1
181,0xOj6kVMbb,3,0,0,0
200,15SdFmonYz,0,0,2,0
203,15SdFmonYz,0,0,1,1
206,15SdFmonYz,0,0,2,0
214,1AyRuF9ULp,0,0,0,2
215,1AyRuF9ULp,2,0,0,0
216,1AyRuF9ULp,2,0,0,0
217,1BchRVONfp,11,0,6,1
218,1BchRVONfp,0,0,2,0
219,1BchRVONfp,15,0,2,1
220,1BchRVONfp,11,1,6,0
221,1BchRVONfp,2,0,0,0
222,1BchRVONfp,0,0,2,0
223,1BchRVONfp,16,0,1,1
224,1BchRVONfp,15,0,2,1
225,1BchRVONfp,11,0,6,1
234,1JG0y5cOmK,2,0,0,0
235,1JG0y5cOmK,2,0,0,0
236,1JG0y5cOmK,0,0,0,2
237,1JG0y5cOmK,2,0,0,0
238,1JwSFRvC4E,1,0,0,1
239,1JwSFRvC4E,1,0,0,1
240,1JwSFRvC4E,1,0,0,1
241,1JwSFRvC4E,0,0,0,2
242,1JwSFRvC4E,2,0,0,0
243,1KRpajnd6u,2,0,2,2
244,1KRpajnd6u,2,0,2,2
245,1KRpajnd6u,3,1,1,1
246,1KRpajnd6u,5,0,0,1
247,1KRpajnd6u,4,0,1,1
248,1KRpajnd6u,6,0,0,0
256,1YCpxT3t5V,0,0,0,2
257,1YCpxT3t5V,0,0,2,0
258,1YCpxT3t5V,1,0,0,1
259,1YCpxT3t5V,2,0,0,0
260,1YCpxT3t5V,2,0,0,0
261,1YCpxT3t5V,1,0,0,1
262,1ZIjW3LFcH,2,0,0,0
263,1ZIjW3LFcH,2,0,0,0
264,1ZIjW3LFcH,2,0,0,0
265,1dfBRJVswL,0,0,1,1
266,1dfBRJVswL,0,0,1,1
267,1dfBRJVswL,0,0,2,0
268,1dfBRJVswL,0,0,0,2
269,1dfBRJVswL,0,0,1,1
270,1dfBRJVswL,2,0,0,0
271,1ebAvNphi7,0,0,3,1
272,1ebAvNphi7,0,0,3,1
273,1ebAvNphi7,0,0,3,1
274,1ebAvNphi7,0,0,2,2
275,1ebAvNphi7,0,0,3,1
276,1ebAvNphi7,0,0,3,1
277,1rSqVUl7l3,2,0,0,0
278,1rSqVUl7l3,0,0,2,0
279,1rSqVUl7l3,0,0,2,0
280,1rSqVUl7l3,0,0,0,2
281,1rSqVUl7l3,0,0,2,0
282,1rSqVUl7l3,0,0,2,0
283,1tbhBSXcyX,0,0,2,1
284,1tbhBSXcyX,0,0,0,3
285,1tbhBSXcyX,0,0,2,1
286,1tbhBSXcyX,0,0,1,2
287,1tbhBSXcyX,0,0,1,2
288,1tbhBSXcyX,0,0,2,1
289,1wnPjWrw18,0,0,2,0
290,1wnPjWrw18,0,0,1,1
291,1wnPjWrw18,0,0,1,1
292,1wnPjWrw18,0,0,1,1
293,1wnPjWrw18,0,0,2,0
294,1wnPjWrw18,0,0,1,1
297,20hdQQQrA4,5,0,7,1
298,20hdQQQrA4,3,4,5,1
299,20hdQQQrA4,7,1,2,3
301,20hdQQQrA4,8,0,2,3
302,20hdQQQrA4,9,0,2,2
316,28nj9x9hLa,9,0,1,0
317,28nj9x9hLa,9,0,1,0
318,28nj9x9hLa,8,0,1,1
319,28nj9x9hLa,7,0,2,1
320,28nj9x9hLa,7,0,3,0
321,29sn1uqWn3,2,0,2,1
322,29sn1uqWn3,1,0,1,3
323,29sn1uqWn3,0,0,4,1
324,29sn1uqWn3,2,0,0,3
326,29sn1uqWn3,2,0,0,3
328,29sn1uqWn3,2,0,0,3
329,2A9FaOnzby,3,0,0,0
330,2A9FaOnzby,0,3,0,0
331,2A9FaOnzby,3,0,0,0
332,2A9FaOnzby,0,3,0,0
333,2A9FaOnzby,3,0,0,0
334,2A9FaOnzby,3,0,0,0
349,2Nfr4u3pK2,3,0,0,0
350,2Nfr4u3pK2,3,0,0,0
351,2Nfr4u3pK2,3,0,0,0
352,2Nfr4u3pK2,3,0,0,0
353,2Nfr4u3pK2,1,0,1,1
354,2Nfr4u3pK2,3,0,0,0
370,2RIk96qJcc,8,0,1,1
371,2RIk96qJcc,8,0,1,1
372,2RIk96qJcc,9,0,1,0
373,2RIk96qJcc,9,0,1,0
374,2RIk96qJcc,9,0,1,0
375,2RJN5vDHG0,2,0,1,1
376,2RJN5vDHG0,0,0,4,0
377,2RJN5vDHG0,2,0,1,1
378,2RJN5vDHG0,2,0,1,1
379,2RJN5vDHG0,1,0,1,2
385,2T0kl2qQKB,0,0,1,1
386,2T0kl2qQKB,0,0,2,0
387,2T0kl2qQKB,0,0,1,1
388,2UH01A9Za0,0,0,4,0
389,2UH01A9Za0,0,0,4,0
390,2UH01A9Za0,0,0,3,1
391,2UH01A9Za0,0,0,1,3
392,2UH01A9Za0,0,0,3,1
413,2XMLJj67yY,5,0,1,1
414,2XMLJj67yY,5,0,1,1
415,2XMLJj67yY,6,0,0,1
416,2XMLJj67yY,7,0,0,0
417,2XMLJj67yY,6,0,1,0
418,2Z7ZvoRN8Z,0,0,0,3
419,2Z7ZvoRN8Z,1,0,1,1
420,2Z7ZvoRN8Z,1,0,1,1
421,2Z7ZvoRN8Z,2,0,1,0
422,2Z7ZvoRN8Z,2,0,0,1
423,2azIa9tfl3,0,0,6,2
424,2azIa9tfl3,2,0,2,4
425,2azIa9tfl3,4,0,2,2
426,2azIa9tfl3,0,0,8,0
427,2hGL0nGPLu,1,0,0,1
428,2hGL0nGPLu,2,0,0,0
429,2hGL0nGPLu,0,0,0,2
430,2hGL0nGPLu,2,0,0,0
431,2hGL0nGPLu,2,0,0,0
432,2hGL0nGPLu,1,0,1,0
438,2iDtIht7W4,18,0,2,3
439,2iDtIht7W4,18,0,3,2
440,2iDtIht7W4,16,0,5,2
441,2iDtIht7W4,21,0,1,1
442,2iDtIht7W4,16,0,2,5
443,2iDtIht7W4,15,1,3,4
444,2iFauBXg7Y,2,0,0,0
445,2iFauBXg7Y,1,0,1,0
446,2iFauBXg7Y,2,0,0,0
447,2iFauBXg7Y,0,0,2,0
448,2iFauBXg7Y,2,0,0,0
449,2iFauBXg7Y,0,0,2,0
450,2jpMiRwsrL,0,0,2,0
451,2jpMiRwsrL,2,0,0,0
452,2jpMiRwsrL,2,0,0,0
453,2jpMiRwsrL,2,0,0,0
454,2jpMiRwsrL,0,0,2,0
463,2kSBDoP1rE,4,0,2,4
466,2kSBDoP1rE,2,3,1,4
467,2kSBDoP1rE,8,0,2,0
468,2kSBDoP1rE,4,1,2,3
470,2kSBDoP1rE,6,3,1,0
471,2kSBDoP1rE,7,0,1,2
472,2m0o0Fdqu6,2,0,1,1
473,2m0o0Fdqu6,3,0,1,0
474,2m0o0Fdqu6,3,0,1,0
475,2m0o0Fdqu6,2,0,1,1
476,2m0o0Fdqu6,2,0,1,1
486,2wDrJ5lZaF,3,0,1,1
487,2wDrJ5lZaF,4,0,0,1
488,2wDrJ5lZaF,4,0,0,1
489,2wDrJ5lZaF,2,0,0,3
490,2wDrJ5lZaF,2,0,1,2
491,32NvV5zixD,10,0,3,5
492,32NvV5zixD,10,0,3,5
493,32NvV5zixD,10,0,3,5
494,32NvV5zixD,8,0,4,6
495,32NvV5zixD,6,0,8,4
496,32NvV5zixD,4,2,6,6
505,32XNOcwH1z,3,1,4,4
506,32XNOcwH1z,8,0,1,3
507,32XNOcwH1z,6,0,1,5
508,32XNOcwH1z,9,0,1,2
509,32XNOcwH1z,9,0,2,1
510,32XNOcwH1z,6,1,2,3
531,369qOr0ZnJ,2,0,0,0
532,369qOr0ZnJ,0,2,0,0
533,369qOr0ZnJ,2,0,0,0
534,369qOr0ZnJ,2,0,0,0
535,369qOr0ZnJ,2,0,0,0
536,3ADqf6jn9r,0,0,2,0
537,3ADqf6jn9r,1,0,1,0
538,3ADqf6jn9r,1,0,0,1
539,3ADqf6jn9r,0,1,1,0
540,3ADqf6jn9r,1,0,0,1
544,3D0x8oxOYH,0,0,0,2
545,3D0x8oxOYH,0,0,2,0
546,3D0x8oxOYH,0,0,2,0
547,3D0x8oxOYH,0,0,1,1
548,3D0x8oxOYH,1,0,0,1
549,3D0x8oxOYH,1,0,0,1
556,3EcT46wsdc,0,0,3,1
557,3EcT46wsdc,0,0,4,0
558,3EcT46wsdc,1,0,2,1
560,3EcT46wsdc,2,0,2,0
561,3EcT46wsdc,0,0,3,1
562,3ExTD9F0u1,0,0,3,0
563,3ExTD9F0u1,0,0,2,1
564,3ExTD9F0u1,0,0,2,1
565,3ExTD9F0u1,0,0,3,0
566,3ExTD9F0u1,0,0,3,0
567,3ExTD9F0u1,1,0,2,0
573,3IFIedDIoN,0,0,2,0
574,3IFIedDIoN,0,0,2,0
575,3IFIedDIoN,0,1,1,0
576,3IFIedDIoN,0,0,2,0
577,3IFIedDIoN,0,0,2,0
578,3IFIedDIoN,1,0,1,0
579,3KX1xU2bCC,3,0,1,0
580,3KX1xU2bCC,3,0,1,0
581,3KX1xU2bCC,3,0,1,0
582,3KX1xU2bCC,15,0,4,1
583,3KX1xU2bCC,14,0,2,4
584,3KX1xU2bCC,18,0,1,1
585,3KX1xU2bCC,18,0,0,2
586,3KX1xU2bCC,18,0,0,2
596,3M1Nsgd9Fb,1,0,1,0
597,3M1Nsgd9Fb,1,0,1,0
598,3M1Nsgd9Fb,0,0,2,0
599,3M1Nsgd9Fb,0,0,2,0
600,3M1Nsgd9Fb,1,0,1,0
601,3NQSeJOfkz,0,0,7,0
602,3NQSeJOfkz,4,0,1,2
603,3NQSeJOfkz,0,0,6,1
604,3NQSeJOfkz,4,0,2,1
605,3NRpRBTGtY,0,0,3,0
606,3NRpRBTGtY,0,0,3,0
607,3NRpRBTGtY,0,0,3,0
608,3NRpRBTGtY,0,0,3,0
609,3NRpRBTGtY,0,0,3,0
610,3NRpRBTGtY,0,0,3,0
634,3hD1gzThtY,1,0,1,0
635,3hD1gzThtY,1,0,1,0
636,3hD1gzThtY,1,0,1,0
637,3hD1gzThtY,1,0,1,0
638,3hD1gzThtY,1,0,1,0
639,3hD1gzThtY,0,0,2,0
640,3i4xYPxtTf,0,0,2,0
641,3i4xYPxtTf,0,0,2,0
642,3i4xYPxtTf,0,0,1,1
643,3i4xYPxtTf,0,0,1,1
644,3i4xYPxtTf,0,0,1,1
645,3mJ9eTU319,0,0,1,1
646,3mJ9eTU319,0,0,1,1
647,3mJ9eTU319,1,0,1,0
648,3mJ9eTU319,0,0,1,1
649,3mJ9eTU319,1,0,1,0
650,3mJ9eTU319,0,0,2,0
657,3qX5RS8kpJ,0,0,3,0
658,3qX5RS8kpJ,0,0,2,1
659,3qX5RS8kpJ,0,0,3,0
660,3qX5RS8kpJ,1,0,0,2
661,3qX5RS8kpJ,1,0,1,1
662,3qX5RS8kpJ,0,0,3,0
663,3qan4Zg9rA,1,0,1,0
664,3qan4Zg9rA,0,0,0,2
665,3qan4Zg9rA,2,0,0,0
666,3qan4Zg9rA,1,0,0,1
667,3qan4Zg9rA,2,0,0,0
668,3qq7rvJzoj,1,1,0,0
669,3qq7rvJzoj,1,0,0,1
670,3qq7rvJzoj,1,0,0,1
677,3tN36gT4tB,2,0,0,2
678,3tN36gT4tB,2,0,0,2
679,3tN36gT4tB,0,1,2,1
680,3tN36gT4tB,0,0,4,0
681,3tlaoBZrSg,0,1,1,0
682,3tlaoBZrSg,1,0,1,0
683,3tlaoBZrSg,1,0,1,0
684,3tlaoBZrSg,2,0,0,0
685,3tlaoBZrSg,0,0,2,0
686,3tlaoBZrSg,1,0,1,0
695,3urFJKbmYN,0,0,0,2
696,3urFJKbmYN,0,0,0,2
697,3urFJKbmYN,0,0,1,1
698,3urFJKbmYN,0,0,2,0
699,3urFJKbmYN,0,0,0,2
714,3wMM5NEFvr,2,0,0,0
715,3wMM5NEFvr,1,0,1,0
716,3wMM5NEFvr,2,0,0,0
717,3wMM5NEFvr,1,0,1,0
718,3wMM5NEFvr,2,0,0,0
727,418BWmKIzX,7,0,2,1
728,418BWmKIzX,6,0,1,3
729,418BWmKIzX,3,4,1,2
730,418BWmKIzX,8,0,1,1
731,418BWmKIzX,6,1,1,2
732,418BWmKIzX,5,0,2,3
733,42RDNNJdWf,10,0,0,0
734,42RDNNJdWf,1,8,1,0
736,42RDNNJdWf,10,0,0,0
737,42RDNNJdWf,10,0,0,0
738,42RDNNJdWf,9,0,1,0
753,48c42LVtLx,2,0,0,0
754,48c42LVtLx,2,0,0,0
755,48c42LVtLx,2,0,0,0
756,48c42LVtLx,2,0,0,0
763,4CwO8At8Hw,11,1,3,3
764,4CwO8At8Hw,12,0,3,3
765,4CwO8At8Hw,15,0,1,2
766,4CwO8At8Hw,15,0,1,2
767,4CwO8At8Hw,15,0,2,1
768,4CwO8At8Hw,13,2,2,1
777,4HquuQN4qK,0,0,0,2
778,4HquuQN4qK,2,0,0,0
779,4HquuQN4qK,0,0,0,2
780,4HquuQN4qK,2,0,0,0
781,4HrWo5x7YF,10,1,4,1
782,4HrWo5x7YF,6,2,4,4
783,4HrWo5x7YF,11,1,3,1
784,4HrWo5x7YF,8,0,4,4
785,4HrWo5x7YF,9,0,3,4
786,4HrWo5x7YF,10,0,3,3
787,4K54YHTG2i,0,0,3,0
788,4K54YHTG2i,1,0,0,2
789,4K54YHTG2i,0,0,2,1
790,4K54YHTG2i,0,0,1,2
791,4K54YHTG2i,1,0,1,1
797,4M5Kj2UqaM,0,0,1,1
798,4M5Kj2UqaM,1,0,0,1
799,4M5Kj2UqaM,1,0,1,0
800,4M5Kj2UqaM,1,0,0,1
801,4M5Kj2UqaM,1,0,0,1
803,4MVVscCjYu,3,0,0,0
805,4MVVscCjYu,3,0,0,0
806,4MVVscCjYu,0,0,3,0
807,4MVVscCjYu,3,0,0,0
808,4MVVscCjYu,3,0,0,0
809,4MVVscCjYu,3,0,0,0
810,4T8vEVK79x,8,0,3,2
811,4T8vEVK79x,7,0,4,2
812,4T8vEVK79x,12,0,1,0
813,4T8vEVK79x,9,0,2,2
814,4T8vEVK79x,2,0,0,0
815,4T8vEVK79x,2,0,0,0
816,4T8vEVK79x,12,0,1,0
817,4T8vEVK79x,2,0,0,0
842,4doFQgswAu,0,0,3,0
843,4doFQgswAu,0,1,2,0
844,4doFQgswAu,0,0,3,0
845,4dwe2wlxx5,0,0,1,1
846,4dwe2wlxx5,0,0,0,2
847,4dwe2wlxx5,0,0,0,2
848,4dwe2wlxx5,0,0,0,2
849,4dwe2wlxx5,0,0,1,1
850,4dwe2wlxx5,0,0,0,2
851,4fX2DEypNL,0,0,1,1
852,4fX2DEypNL,0,0,2,0
853,4fX2DEypNL,0,0,2,0
854,4fX2DEypNL,0,0,2,0
855,4fX2DEypNL,1,0,0,1
856,4fX2DEypNL,0,1,0,1
863,4iupzej9nT,0,0,0,2
864,4iupzej9nT,0,0,0,2
870,4ltyJqAHMg,0,0,8,3
871,4ltyJqAHMg,0,0,6,5
872,4ltyJqAHMg,0,0,6,5
873,4ltyJqAHMg,0,0,7,4
874,4oU82peL8f,0,2,1,0
875,4oU82peL8f,0,2,1,0
876,4oU82peL8f,0,2,1,0
877,4oU82peL8f,0,2,1,0
878,4oU82peL8f,0,2,1,0
879,4oU82peL8f,0,2,1,0
885,4vztmTrGhd,17,1,1,0
886,4vztmTrGhd,12,5,1,1
887,4vztmTrGhd,5,0,0,0
888,4vztmTrGhd,16,0,3,0
889,4vztmTrGhd,18,0,1,0
890,4vztmTrGhd,17,1,1,0
891,4vztmTrGhd,5,0,0,0
892,4yzY0GFIJj,0,0,5,0
893,4yzY0GFIJj,0,0,3,2
894,4yzY0GFIJj,2,0,3,0
895,4yzY0GFIJj,1,0,3,1
896,4yzY0GFIJj,0,0,4,1
897,53wE3EbrgK,0,0,2,0
898,53wE3EbrgK,0,0,2,0
899,53wE3EbrgK,0,0,1,1
916,5Cvh976L09,0,0,2,1
917,5Cvh976L09,3,0,0,0
918,5Cvh976L09,0,0,2,1
919,5Cvh976L09,0,0,0,3
920,5Cvh976L09,1,0,2,0
921,5Cvh976L09,3,0,0,0
941,5LBH6azyBM,1,0,0,1
942,5LBH6azyBM,0,0,0,2
943,5LBH6azyBM,1,0,0,1
944,5LBH6azyBM,0,0,1,1
945,5LBH6azyBM,1,0,0,1
948,5PfEQzE9bf,0,0,1,1
949,5PfEQzE9bf,0,0,2,0
950,5PfEQzE9bf,0,0,2,0
951,5PfEQzE9bf,0,0,2,0
952,5PfEQzE9bf,0,0,2,0
953,5PfEQzE9bf,0,0,2,0
954,5RQPAHUtCO,5,0,0,1
955,5RQPAHUtCO,5,0,0,1
956,5RQPAHUtCO,5,0,0,1
957,5RQPAHUtCO,4,0,1,1
958,5RQPAHUtCO,5,0,0,1
959,5RQPAHUtCO,4,0,1,1
960,5SMn6N9SXq,2,0,2,0
961,5SMn6N9SXq,1,0,2,1
962,5SMn6N9SXq,2,0,1,1
963,5SMn6N9SXq,0,0,2,2
964,5SMn6N9SXq,2,0,1,1
965,5SMn6N9SXq,3,0,1,0
966,5TiuerrwR8,0,0,1,4
967,5TiuerrwR8,2,0,2,5
968,5TiuerrwR8,1,0,5,3
969,5TiuerrwR8,0,0,0,5
970,5TiuerrwR8,2,0,3,4
977,5WVIbxWqwA,3,1,0,2
978,5WVIbxWqwA,5,0,0,1
979,5WVIbxWqwA,3,0,1,2
980,5WVIbxWqwA,4,0,0,2
981,5WVIbxWqwA,6,0,0,0
998,5hDvooOKUP,2,0,0,1
999,5hDvooOKUP,3,0,0,0
1000,5hDvooOKUP,2,0,0,1
1001,5hDvooOKUP,0,0,3,0
1002,5hDvooOKUP,3,0,0,0
1003,5hDvooOKUP,3,0,0,0
1010,5kTn1c3vtt,0,0,2,0
1011,5kTn1c3vtt,0,0,2,0
1012,5kTn1c3vtt,0,0,1,1
1014,5kTn1c3vtt,1,0,1,0
1016,5kTn1c3vtt,0,0,1,1
1017,5kTn1c3vtt,1,0,0,1
1018,5lIJrDCQll,0,0,2,0
1019,5lIJrDCQll,0,0,2,0
1020,5lIJrDCQll,0,0,1,1
1021,5lIJrDCQll,0,0,1,1
1022,5lIJrDCQll,0,0,2,0
1023,5lIJrDCQll,0,0,2,0
1024,5nNNVY8NW4,36,0,2,4
1025,5nNNVY8NW4,6,0,0,0
1026,5nNNVY8NW4,6,0,0,0
1027,5nNNVY8NW4,6,0,0,0
1028,5nNNVY8NW4,28,1,12,1
1029,5nNNVY8NW4,30,1,11,0
1030,5nNNVY8NW4,34,0,6,2
1031,5nNNVY8NW4,18,0,16,8
1032,5ntMrdtnTu,2,0,1,0
1033,5ntMrdtnTu,3,0,0,0
1034,5ntMrdtnTu,2,0,1,0
1035,5ntMrdtnTu,3,0,0,0
1036,5ntMrdtnTu,2,0,1,0
1040,5vI6ApLOg8,0,2,4,1
1041,5vI6ApLOg8,1,0,5,1
1042,5vI6ApLOg8,1,1,2,3
1043,5vI6ApLOg8,0,1,5,1
1044,5vI6ApLOg8,3,0,2,2
1045,5vI6ApLOg8,6,0,0,1
1068,63o9EmYHXt,8,0,1,1
1069,63o9EmYHXt,6,0,1,3
1070,63o9EmYHXt,0,7,2,1
1071,63o9EmYHXt,6,0,1,3
1072,63o9EmYHXt,5,0,2,3
1073,63o9EmYHXt,5,1,1,3
1086,68AMoK2YNk,0,6,3,1
1087,68AMoK2YNk,2,0,0,0
1088,68AMoK2YNk,8,0,1,1
1089,68AMoK2YNk,2,0,0,0
1090,68AMoK2YNk,6,2,2,0
1091,68AMoK2YNk,8,0,1,1
1092,68AMoK2YNk,8,0,1,1
1093,68AMoK2YNk,2,0,0,0
1094,698yKwEXf0,0,0,1,1
1096,698yKwEXf0,1,0,1,0
1097,698yKwEXf0,0,0,1,1
1098,698yKwEXf0,0,0,1,1
1099,698yKwEXf0,0,0,1,1
1101,698yKwEXf0,0,0,1,1
1102,69IOkVkTQX,6,0,1,2
1103,69IOkVkTQX,6,0,2,1
1104,69IOkVkTQX,6,0,1,2
1105,69IOkVkTQX,6,0,2,1
1106,69IOkVkTQX,5,0,3,1
1107,69IOkVkTQX,5,0,3,1
1127,6OMZEKarO7,0,0,2,0
1128,6OMZEKarO7,1,0,1,0
1129,6OMZEKarO7,1,0,1,0
1130,6OMZEKarO7,1,0,1,0
1131,6OMZEKarO7,1,0,1,0
1135,6VEqdKmfKh,2,0,0,0
1136,6VEqdKmfKh,0,0,1,1
1137,6VEqdKmfKh,2,0,0,0
1138,6VEqdKmfKh,1,0,0,1
1139,6VEqdKmfKh,1,0,0,1
1140,6VEqdKmfKh,0,0,1,1
1141,6VyoaDj3zB,0,0,0,2
1142,6VyoaDj3zB,1,0,0,1
1143,6VyoaDj3zB,1,0,0,1
1144,6VyoaDj3zB,1,0,1,0
1145,6VyoaDj3zB,1,0,1,0
1154,6YVSHa3g4b,0,0,0,2
1155,6YVSHa3g4b,0,0,0,2
1156,6YVSHa3g4b,0,0,1,1
1157,6YVSHa3g4b,0,0,2,0
1158,6YVSHa3g4b,0,0,2,0
1159,6YVSHa3g4b,0,0,2,0
1160,6bXLKr5NMT,0,0,0,2
1161,6bXLKr5NMT,0,0,0,2
1162,6bXLKr5NMT,0,0,2,0
1163,6bXLKr5NMT,0,0,2,0
1164,6bXLKr5NMT,0,0,1,1
1165,6dI31vzkqT,1,0,1,2
1166,6dI31vzkqT,1,0,2,1
1167,6dI31vzkqT,0,0,2,2
1168,6dI31vzkqT,4,0,0,0
1169,6dI31vzkqT,3,0,0,1
1175,6j88qckao7,0,0,0,2
1176,6j88qckao7,0,0,2,0
1177,6j88qckao7,0,0,0,2
1178,6j88qckao7,0,0,1,1
1179,6j88qckao7,0,0,1,1
1180,6n7gXOvdwm,0,0,3,1
1181,6n7gXOvdwm,0,0,1,3
1182,6n7gXOvdwm,0,0,0,4
1183,6n7gXOvdwm,0,0,4,0
1184,6n7gXOvdwm,0,0,4,0
1201,6yWDfQAcru,2,0,0,0
1202,6yWDfQAcru,2,0,0,0
1209,71029,0,0,0,3
1210,71029,0,0,0,3
1211,71029,0,0,0,3
1212,71029,0,0,3,0
1213,71029,0,0,3,0
1227,71049,0,0,1,1
1228,71049,0,0,2,0
1229,71049,0,0,2,0
1230,71049,0,0,1,1
1231,71049,0,0,1,1
1238,71065,1,0,1,1
1239,71065,0,0,1,2
1240,71065,0,0,2,1
1241,71065,0,0,0,3
1242,71065,1,0,1,1
1245,71069,0,0,0,3
1246,71069,1,0,0,2
1247,71069,0,0,2,1
1248,71069,0,0,3,0
1249,71069,1,0,1,1
1260,71122,0,0,2,1
1261,71122,2,0,0,1
1262,71122,0,0,0,3
1264,71122,0,0,0,3
1265,71122,2,0,0,1
1266,71132,1,0,5,5
1267,71132,1,0,3,7
1268,71132,1,0,6,4
1269,71132,1,1,5,4
1270,71132,1,0,7,3
1279,71142,0,0,1,1
1280,71142,1,0,1,0
1281,71142,1,0,1,0
1282,71142,0,0,1,1
1288,71154,1,0,0,1
1289,71154,1,0,0,1
1290,71154,1,0,0,1
1291,71154,1,0,0,1
1301,71171,1,0,1,0
1302,71171,1,0,1,0
1303,71171,1,0,1,0
1304,71171,1,0,1,0
1308,71802,0,0,1,1
1309,71802,0,0,1,1
1310,71802,0,0,1,1
1313,73YmKB7KpW,1,0,1,0
1314,73YmKB7KpW,2,0,0,0
1315,73YmKB7KpW,1,0,0,1
1322,74PNBqBKPA,0,0,1,1
1323,74PNBqBKPA,1,0,1,0
1324,74PNBqBKPA,1,0,1,0
1325,74PNBqBKPA,1,0,1,0
1326,74PNBqBKPA,1,0,1,0
1327,74PNBqBKPA,1,0,1,0
1328,75AYDsndHP,0,0,0,2
1329,75AYDsndHP,0,0,0,2
1330,75AYDsndHP,2,0,0,0
1331,75AYDsndHP,0,0,2,0
1332,75AYDsndHP,0,0,2,0
1333,76XSBLdBdg,0,0,2,0
1334,76XSBLdBdg,0,0,2,0
1335,76XSBLdBdg,0,0,2,0
1336,76XSBLdBdg,0,0,2,0
1337,76XSBLdBdg,1,0,1,0
1338,76XSBLdBdg,0,0,2,0
1365,7FG30Wld9Q,2,0,0,1
1366,7FG30Wld9Q,7,0,0,2
1367,7FG30Wld9Q,7,0,2,0
1368,7FG30Wld9Q,5,0,3,1
1369,7FG30Wld9Q,2,0,0,1
1370,7FG30Wld9Q,2,0,0,1
1371,7FG30Wld9Q,8,0,1,0
1380,7NA81PFi77,0,0,0,2
1381,7NA81PFi77,0,0,0,2
1382,7NA81PFi77,2,0,0,0
1383,7NA81PFi77,0,0,0,2
1384,7NA81PFi77,0,0,0,2
1389,7Oc4ARFCTV,0,0,2,0
1390,7Oc4ARFCTV,0,0,2,0
1391,7Oc4ARFCTV,1,0,1,0
1392,7Oc4ARFCTV,0,0,2,0
1393,7Oc4ARFCTV,0,0,1,1
1394,7Oc4ARFCTV,0,0,1,1
1395,7Sho2SEu3D,3,0,0,0
1396,7Sho2SEu3D,2,0,0,1
1397,7Sho2SEu3D,2,0,1,0
1398,7Sho2SEu3D,2,0,1,0
1399,7Sho2SEu3D,2,0,0,1
1401,7UEBX1KU1y,5,0,3,2
1403,7UEBX1KU1y,0,0,9,1
1404,7UEBX1KU1y,6,0,1,3
1405,7UEBX1KU1y,6,0,2,2
1406,7UEBX1KU1y,3,3,1,3
1407,7UEBX1KU1y,6,0,2,3
1412,7XUocfk7eQ,1,0,1,1
1413,7XUocfk7eQ,1,0,0,2
1414,7XUocfk7eQ,1,0,0,2
1415,7XUocfk7eQ,0,0,3,0
1416,7XUocfk7eQ,1,0,0,2
1432,7pQIzVNctu,0,0,2,1
1433,7pQIzVNctu,2,0,4,6
1434,7pQIzVNctu,4,0,1,7
1435,7pQIzVNctu,0,0,7,5
1436,7pQIzVNctu,1,0,0,2
1437,7pQIzVNctu,0,0,11,1
1438,7pQIzVNctu,4,0,2,6
1439,7pbmZatDuD,2,0,2,2
1440,7pbmZatDuD,2,0,2,2
1441,7pbmZatDuD,2,0,2,2
1442,7pbmZatDuD,2,0,2,2
1443,7qpvff2gWI,2,0,0,0
1444,7qpvff2gWI,0,1,1,0
1445,7qpvff2gWI,1,1,0,0
1446,7qpvff2gWI,1,1,0,0
1447,7qpvff2gWI,0,0,2,0
1448,7qpvff2gWI,2,0,0,0
1449,7sksHLUvhH,1,0,1,0
1450,7sksHLUvhH,0,1,1,0
1451,7sksHLUvhH,1,0,0,1
1452,7sksHLUvhH,0,0,1,1
1453,7sksHLUvhH,0,1,0,1
1458,7xwOy8C00l,1,0,2,0
1459,7xwOy8C00l,0,0,2,1
1460,7xwOy8C00l,1,0,1,1
1461,7xwOy8C00l,2,0,1,0
1462,7xwOy8C00l,2,0,1,0
1463,7xwOy8C00l,2,0,1,0
1466,80Job2F5eb,5,0,0,0
1467,80Job2F5eb,5,0,0,0
1468,80Job2F5eb,5,0,0,0
1469,80Job2F5eb,3,2,0,0
1470,80Job2F5eb,5,0,0,0
1471,82EJxJzG6r,3,4,2,1
1472,82EJxJzG6r,4,3,1,2
1473,82EJxJzG6r,3,3,3,1
1474,82EJxJzG6r,6,0,3,1
1475,82EJxJzG6r,8,0,1,1
1476,82EJxJzG6r,8,0,1,1
1477,82Wosp2Iu1,8,0,1,0
1478,82Wosp2Iu1,7,0,1,1
1479,82Wosp2Iu1,8,0,1,0
1480,82Wosp2Iu1,8,0,1,0
1481,82Wosp2Iu1,8,0,1,0
1482,82Wosp2Iu1,8,0,1,0
1510,8N2kUoknvy,1,0,1,0
1511,8N2kUoknvy,1,0,0,1
1512,8N2kUoknvy,2,0,0,0
1513,8N2kUoknvy,2,0,0,0
1514,8N2kUoknvy,0,0,0,2
1518,8UzZ0CbPsk,1,0,1,0
1519,8UzZ0CbPsk,0,0,2,0
1520,8UzZ0CbPsk,1,0,1,0
1521,8UzZ0CbPsk,0,0,2,0
1522,8UzZ0CbPsk,1,0,1,0
1523,8UzZ0CbPsk,1,0,1,0
1524,8WA5l5tjF6,0,0,2,0
1525,8WA5l5tjF6,0,0,2,0
1526,8WA5l5tjF6,0,0,1,1
1527,8WA5l5tjF6,0,0,1,1
1528,8X5SOsxwQi,0,0,1,1
1529,8X5SOsxwQi,0,0,2,0
1537,8ewf5I4shW,6,0,1,1
1538,8ewf5I4shW,6,0,1,1
1539,8ewf5I4shW,6,0,1,1
1546,8k4om4zj5E,0,4,0,0
1547,8k4om4zj5E,3,0,0,1
1548,8k4om4zj5E,0,4,0,0
1549,8k4om4zj5E,0,4,0,0
1550,8k4om4zj5E,0,4,0,0
1551,8k4om4zj5E,4,0,0,0
1581,90a2FQiDDQ,0,0,1,1
1582,90a2FQiDDQ,0,0,1,1
1583,90a2FQiDDQ,0,0,1,1
1589,91KRLNX4il,0,0,2,0
1590,91KRLNX4il,0,0,1,1
1591,91KRLNX4il,0,0,1,1
1592,91KRLNX4il,1,0,1,0
1593,91KRLNX4il,1,0,1,0
1597,92oF5bU4cU,0,0,0,3
1598,92oF5bU4cU,0,0,1,2
1599,92oF5bU4cU,0,0,0,3
1600,92oF5bU4cU,0,0,2,1
1601,92oF5bU4cU,0,0,0,3
1606,95VVL0TJNH,0,0,2,0
1607,95VVL0TJNH,0,0,2,0
1608,95VVL0TJNH,0,0,2,0
1609,95VVL0TJNH,1,0,0,1
1610,95VVL0TJNH,0,0,2,0
1621,997oprE4sh,6,0,0,2
1622,997oprE4sh,5,0,1,2
1623,997oprE4sh,6,0,0,2
1624,997oprE4sh,5,0,1,2
1625,997oprE4sh,6,0,0,2
1631,9CqZoRWpoc,7,0,2,3
1632,9CqZoRWpoc,7,0,2,3
1633,9CqZoRWpoc,6,0,2,4
1634,9CqZoRWpoc,6,0,2,4
1635,9CqZoRWpoc,7,0,1,4
1636,9CqZoRWpoc,6,0,1,5
1643,9GRlBVAXq8,5,0,0,3
1644,9GRlBVAXq8,4,0,3,1
1645,9GRlBVAXq8,4,0,2,2
1646,9GRlBVAXq8,5,0,1,2
1647,9GRlBVAXq8,5,0,1,2
1656,9KOJdlFH82,8,0,2,2
1657,9KOJdlFH82,7,0,2,3
1658,9KOJdlFH82,9,0,1,2
1659,9KOJdlFH82,7,0,3,2
1660,9KOJdlFH82,9,0,1,2
1661,9KOJdlFH82,7,0,2,3
1673,9Mms28wD82,2,0,1,0
1674,9Mms28wD82,2,0,0,1
1675,9Mms28wD82,2,0,0,1
1676,9Mms28wD82,2,0,0,1
1677,9Mms28wD82,2,0,0,1
1687,9SLQACsSbw,2,0,0,2
1688,9SLQACsSbw,0,0,1,3
1689,9SLQACsSbw,0,1,2,1
1690,9SLQACsSbw,3,0,0,1
1691,9SLQACsSbw,1,0,0,3
1698,9YcP7zeO8h,5,0,1,2
1699,9YcP7zeO8h,5,0,2,1
1700,9YcP7zeO8h,6,0,2,0
1701,9YcP7zeO8h,5,0,2,1
1702,9YcP7zeO8h,6,0,2,0
1703,9YcP7zeO8h,5,0,2,1
1711,9h7sSJe4jN,0,0,2,0
1712,9h7sSJe4jN,0,0,2,0
1713,9h7sSJe4jN,0,0,2,0
1714,9h7sSJe4jN,0,0,2,0
1715,9h7sSJe4jN,1,0,1,0
1716,9h7sSJe4jN,1,0,1,0
1717,9kWVQtpvJi,0,0,2,0
1718,9kWVQtpvJi,0,0,2,0
1719,9kWVQtpvJi,0,0,0,2
1720,9kWVQtpvJi,2,0,0,0
1721,9kWVQtpvJi,1,0,1,0
1728,9kkrASoSbp,2,0,0,0
1730,9kkrASoSbp,2,0,0,0
1734,9kkrASoSbp,2,0,0,0
1742,9uENnRAcSl,10,0,1,4
1743,9uENnRAcSl,7,1,2,5
1744,9uENnRAcSl,10,0,1,4
1745,9uENnRAcSl,11,0,1,3
1746,9uENnRAcSl,9,0,1,5
1747,9uENnRAcSl,10,0,1,4
1754,9wpwfSJCp9,0,0,1,1
1755,9wpwfSJCp9,0,0,2,0
1756,9wpwfSJCp9,1,0,1,0
1757,9wpwfSJCp9,0,0,2,0
1758,9wpwfSJCp9,0,0,2,0
1759,9wpwfSJCp9,0,0,2,0
1760,9ylPoHEKed,12,1,1,1
1761,9ylPoHEKed,0,6,6,3
1763,9ylPoHEKed,14,0,1,0
1766,9ylPoHEKed,12,0,2,1
1767,9ylPoHEKed,13,0,1,1
1768,9ylPoHEKed,11,0,2,2
1775,9zXUOLxbcL,0,0,1,1
1776,9zXUOLxbcL,0,0,2,0
1777,9zXUOLxbcL,0,0,2,0
1778,A5venxSvpw,0,0,1,1
1779,A5venxSvpw,1,0,0,1
1780,A5venxSvpw,1,0,0,1
1781,A5venxSvpw,0,0,2,0
1782,A5venxSvpw,0,0,0,2
1783,A8AxU1GUUl,6,0,1,0
1784,A8AxU1GUUl,6,0,1,0
1785,A8AxU1GUUl,6,0,1,0
1786,A8AxU1GUUl,2,0,0,0
1787,A8AxU1GUUl,2,0,0,0
1788,A8AxU1GUUl,6,0,1,0
1789,A8AxU1GUUl,2,0,0,0
1790,A8AxU1GUUl,5,0,1,1
1800,ADHGbxsREr,3,0,1,0
1801,ADHGbxsREr,2,2,0,0
1802,ADHGbxsREr,2,1,0,1
1803,ADHGbxsREr,3,0,1,0
1804,ADHGbxsREr,3,0,1,0
1805,ADHGbxsREr,4,0,0,0
1806,ADUGteohC7,0,0,0,2
1807,ADUGteohC7,2,0,0,0
1808,ADUGteohC7,1,0,0,1
1809,ADUGteohC7,2,0,0,0
1810,ADUGteohC7,2,0,0,0
1811,AE6U9HvTHc,0,0,1,1
1812,AE6U9HvTHc,0,0,0,2
1813,AE6U9HvTHc,0,0,0,2
1814,AE6U9HvTHc,0,0,0,2
1815,AE6U9HvTHc,0,0,1,1
1833,ANVg7NnupP,12,1,0,0
1834,ANVg7NnupP,10,0,2,1
1835,ANVg7NnupP,10,0,2,1
1836,ANVg7NnupP,12,1,0,0
1837,ANVg7NnupP,13,0,0,0
1838,ANVg7NnupP,2,0,1,0
1839,ANVg7NnupP,3,0,0,0
1840,ANVg7NnupP,3,0,0,0
1844,AQZZWVp6XA,1,0,0,1
1845,AQZZWVp6XA,1,0,0,1
1846,AQZZWVp6XA,0,0,2,0
1847,AQZZWVp6XA,0,0,1,1
1848,AQZZWVp6XA,1,0,0,1
1878,AehiGqd7go,6,0,3,2
1879,AehiGqd7go,10,0,0,1
1880,AehiGqd7go,7,0,2,2
1881,AehiGqd7go,10,0,0,1
1882,AehiGqd7go,7,0,2,2
1883,AehiGqd7go,9,0,1,1
1884,AfqsNFzJcs,0,0,1,1
1885,AfqsNFzJcs,0,0,1,1
1886,AfqsNFzJcs,0,0,1,1
1887,AfqsNFzJcs,0,0,2,0
1888,AfqsNFzJcs,0,0,2,0
1889,AfqsNFzJcs,0,0,2,0
1890,AhRuQzYHzY,1,0,1,0
1892,AhRuQzYHzY,0,0,1,1
1894,AhRuQzYHzY,0,0,1,1
1895,AhRuQzYHzY,1,0,1,0
1896,AhRuQzYHzY,0,0,1,1
1897,AhRuQzYHzY,0,1,1,0
1907,AmgjQp4vrr,0,2,3,0
1908,AmgjQp4vrr,3,0,1,1
1909,AmgjQp4vrr,3,0,1,1
1910,AmgjQp4vrr,0,3,2,0
1911,AmgjQp4vrr,2,1,1,1
1912,AmgjQp4vrr,2,0,3,0
1954,B8sTBdGvqG,0,0,3,2
1955,B8sTBdGvqG,1,3,0,1
1956,B8sTBdGvqG,4,0,1,0
1957,B8sTBdGvqG,4,0,0,1
1958,B8sTBdGvqG,1,3,0,1
1959,B8sTBdGvqG,3,0,1,1
1960,BBqEVgqbID,9,1,2,0
1963,BBqEVgqbID,10,0,0,2
1964,BBqEVgqbID,11,0,0,1
1965,BBqEVgqbID,9,2,1,0
1966,BBqEVgqbID,11,1,0,0
1979,BGmc3O41ZH,2,0,0,0
1980,BGmc3O41ZH,1,0,1,0
1981,BGmc3O41ZH,1,0,1,0
1982,BGmc3O41ZH,2,0,0,0
1983,BGmc3O41ZH,2,0,0,0
2019,BUFSSOuphA,1,0,1,0
2020,BUFSSOuphA,2,0,0,0
2021,BUFSSOuphA,0,1,1,0
2022,BUFSSOuphA,2,0,0,0
2023,BUFSSOuphA,1,0,1,0
2027,BXE3Z0EHCs,6,2,1,3
2028,BXE3Z0EHCs,8,1,2,1
2029,BXE3Z0EHCs,8,0,1,3
2030,BXE3Z0EHCs,6,1,3,2
2031,BXE3Z0EHCs,8,0,1,3
2032,BXE3Z0EHCs,7,0,2,3
2046,Bd0NNopzpC,2,0,0,1
2047,Bd0NNopzpC,2,0,0,1
2048,Bd0NNopzpC,2,0,0,1
2049,Bd0NNopzpC,2,0,0,1
2050,Bd0NNopzpC,2,0,0,1
2051,Bd0NNopzpC,2,0,0,1
2052,BhahZSDowo,0,0,2,0
2053,BhahZSDowo,2,0,0,0
2054,BhahZSDowo,2,0,0,0
2055,BhahZSDowo,2,0,0,0
2056,BhahZSDowo,2,0,0,0
2061,BkMSFFtm5M,0,0,2,0
2062,BkMSFFtm5M,1,0,0,1
2063,BkMSFFtm5M,0,0,1,1
2064,BkMSFFtm5M,0,0,1,1
2065,BkMSFFtm5M,1,0,1,0
2066,BkMSFFtm5M,1,0,0,1
2067,BkZ40FNKlL,0,0,0,2
2068,BkZ40FNKlL,0,0,1,1
2069,BkZ40FNKlL,0,0,1,1
2070,BkZ40FNKlL,0,0,0,2
2071,BkZ40FNKlL,0,0,0,2
2072,BkZ40FNKlL,0,0,0,2
2091,BwufLjXbMO,2,0,0,0
2092,BwufLjXbMO,1,1,0,0
2093,BwufLjXbMO,0,2,0,0
2094,BwufLjXbMO,0,2,0,0
2095,BwufLjXbMO,2,0,0,0
2096,BwufLjXbMO,2,0,0,0
2097,BzG0xtGjjr,4,0,0,1
2098,BzG0xtGjjr,4,0,0,1
2099,BzG0xtGjjr,4,0,0,1
2100,BzG0xtGjjr,4,0,0,1
2101,BzG0xtGjjr,4,0,1,0
2102,BzG0xtGjjr,4,0,1,0
2103,C41aLahRXZ,5,0,0,1
2104,C41aLahRXZ,2,3,0,1
2105,C41aLahRXZ,4,0,0,2
2106,C41aLahRXZ,5,0,1,0
2107,C41aLahRXZ,5,0,1,0
2116,CHIsZDgdb6,7,1,5,3
2118,CHIsZDgdb6,9,0,2,5
2119,CHIsZDgdb6,9,1,1,5
2120,CHIsZDgdb6,7,1,5,3
2121,CHIsZDgdb6,10,0,2,4
2123,CHIsZDgdb6,9,1,2,4
2138,CPB16KCuNk,5,0,0,2
2139,CPB16KCuNk,4,0,0,3
2140,CPB16KCuNk,4,0,0,3
2141,CPB16KCuNk,5,0,0,2
2150,CT2tSmahVQ,0,0,1,5
2153,CT2tSmahVQ,0,0,1,5
2154,CT2tSmahVQ,1,0,1,4
2155,CT2tSmahVQ,0,0,5,1
2156,CVDEc0doW8,6,0,2,3
2157,CVDEc0doW8,9,0,1,1
2158,CVDEc0doW8,8,0,1,2
2159,CVDEc0doW8,9,0,0,2
2160,CVDEc0doW8,7,0,2,2
2161,CVDEc0doW8,8,0,1,2
2162,CVXqBkLF5y,3,0,0,0
2163,CVXqBkLF5y,2,0,1,0
2164,CVXqBkLF5y,3,0,0,0
2165,CVXqBkLF5y,3,0,0,0
2166,CVXqBkLF5y,2,0,1,0
2167,CWDsuIlJz8,3,0,0,2
2168,CWDsuIlJz8,3,0,0,2
2169,CWDsuIlJz8,4,0,1,0
2170,CWDsuIlJz8,3,0,0,2
2172,CXsD6Ygc8e,1,0,1,2
2174,CXsD6Ygc8e,2,0,1,1
2175,CXsD6Ygc8e,2,0,1,1
2176,CXsD6Ygc8e,1,0,1,2
2177,CeDYwcRJOC,0,0,0,2
2178,CeDYwcRJOC,0,0,1,1
2179,CeDYwcRJOC,0,0,1,1
2180,CeDYwcRJOC,0,0,1,1
2181,CeDYwcRJOC,0,0,1,1
2204,Cxdj2GYZ4c,8,0,2,1
2205,Cxdj2GYZ4c,6,0,3,2
2206,Cxdj2GYZ4c,7,0,2,2
2207,Cxdj2GYZ4c,5,0,3,3
2208,Cxdj2GYZ4c,8,0,2,1
2209,Cxdj2GYZ4c,7,0,3,1
2217,D1JSZDVnxG,2,0,0,0
2218,D1JSZDVnxG,0,0,2,0
2219,D1JSZDVnxG,2,0,0,0
2220,D1JSZDVnxG,2,0,0,0
2221,D1JSZDVnxG,1,0,1,0
2222,D2evvc90tF,1,2,1,1
2223,D2evvc90tF,2,1,1,1
2224,D2evvc90tF,2,0,0,0
2225,D2evvc90tF,2,0,0,0
2226,D2evvc90tF,2,0,0,0
2227,D2evvc90tF,1,0,2,2
2228,D2evvc90tF,3,0,1,1
2229,D5Ijcnz1L9,9,0,2,0
2230,D5Ijcnz1L9,9,0,1,1
2231,D5Ijcnz1L9,9,0,1,1
2232,D5Ijcnz1L9,9,0,1,1
2233,D5Ijcnz1L9,9,0,2,0
2234,D5Ijcnz1L9,8,1,2,0
2235,D70OyQr3O3,1,0,1,0
2236,D70OyQr3O3,0,0,2,0
2237,D70OyQr3O3,0,0,2,0
2238,D70OyQr3O3,0,0,2,0
2239,D70OyQr3O3,0,0,2,0
2249,DDtL4VOUcT,0,0,2,0
2250,DDtL4VOUcT,0,0,2,0
2251,DDtL4VOUcT,0,0,1,1
2252,DDtL4VOUcT,0,0,1,1
2253,DDtL4VOUcT,0,0,2,0
2254,DDtL4VOUcT,0,0,2,0
2260,DK0kvnNelx,0,0,0,2
2261,DK0kvnNelx,0,0,0,2
2262,DK0kvnNelx,0,0,3,1
2263,DK0kvnNelx,0,0,4,0
2264,DK0kvnNelx,0,0,4,0
2265,DK0kvnNelx,1,0,3,0
2266,DK0kvnNelx,3,0,1,0
2267,DK0kvnNelx,3,0,1,0
2268,DKathyl3XN,3,0,1,0
2269,DKathyl3XN,3,0,1,0
2270,DKathyl3XN,3,0,0,1
2271,DKathyl3XN,15,0,1,1
2272,DKathyl3XN,16,0,1,0
2273,DKathyl3XN,13,0,3,1
2274,DKathyl3XN,15,0,2,0
2275,DKathyl3XN,14,0,2,1
2282,DUmWdZetqZ,2,1,4,1
2283,DUmWdZetqZ,3,0,4,1
2284,DUmWdZetqZ,2,0,5,1
2285,DUmWdZetqZ,5,1,0,2
2286,DUmWdZetqZ,5,0,2,1
2299,DYCt9JtCra,0,0,1,1
2300,DYCt9JtCra,0,0,1,1
2301,DYCt9JtCra,0,0,1,1
2308,DdNgzQfYE3,4,0,0,0
2309,DdNgzQfYE3,3,0,0,1
2310,DdNgzQfYE3,4,0,0,0
2311,DdNgzQfYE3,4,0,0,0
2312,DdNgzQfYE3,3,0,0,1
2330,DfZS0M8leJ,1,0,1,1
2331,DfZS0M8leJ,1,0,0,2
2332,DfhMMHXDuu,0,0,2,0
2333,DfhMMHXDuu,0,0,2,0
2334,DfhMMHXDuu,0,0,2,0
2335,DfhMMHXDuu,0,0,2,0
2336,DfhMMHXDuu,0,0,2,0
2337,DfhMMHXDuu,0,0,2,0
2338,DgRd1uu8dj,0,0,0,2
2339,DgRd1uu8dj,0,0,0,2
2340,DgRd1uu8dj,0,0,0,2
2341,DgRd1uu8dj,0,0,1,1
2342,DgRd1uu8dj,0,0,0,2
2349,DjnbMWE0Ek,4,0,0,2
2350,DjnbMWE0Ek,5,0,0,1
2351,DjnbMWE0Ek,5,0,0,1
2352,DjnbMWE0Ek,6,0,0,0
2353,DjnbMWE0Ek,6,0,0,0
2354,DkLQ40hTlt,5,0,5,2
2355,DkLQ40hTlt,7,0,3,2
2356,DkLQ40hTlt,9,0,2,1
2357,DkLQ40hTlt,6,0,2,4
2358,DkLQ40hTlt,9,0,1,2
2359,DkLQ40hTlt,8,0,4,0
2360,Dkwqzk5sAD,0,0,1,1
2361,Dkwqzk5sAD,0,0,1,1
2362,Dkwqzk5sAD,0,0,0,2
2363,Dkwqzk5sAD,0,0,1,1
2364,Dkwqzk5sAD,0,0,2,0
2377,DpIc1cpNKG,12,0,1,0
2378,DpIc1cpNKG,9,0,1,3
2379,DpIc1cpNKG,8,0,1,4
2380,DpIc1cpNKG,7,0,1,5
2381,DpIc1cpNKG,7,0,1,5
2382,DpIc1cpNKG,8,0,2,3
2383,DsV89lJ58l,4,0,2,5
2384,DsV89lJ58l,4,0,1,6
2385,DsV89lJ58l,4,0,1,6
2386,DsV89lJ58l,5,0,4,2
2387,DsV89lJ58l,4,0,4,3
2388,DsV89lJ58l,4,0,6,1
2397,DxvZnTVNfP,0,0,2,0
2398,DxvZnTVNfP,1,0,1,0
2399,DxvZnTVNfP,2,0,0,0
2400,DxvZnTVNfP,0,1,1,0
2401,DxvZnTVNfP,0,0,2,0
2424,E3C6mg6v4b,0,2,0,0
2425,E3C6mg6v4b,0,2,0,0
2426,E3C6mg6v4b,0,2,0,0
2427,E3C6mg6v4b,0,2,0,0
2428,E3C6mg6v4b,0,2,0,0
2429,E3C6mg6v4b,2,0,0,0
2430,E9QkGczNUw,0,0,1,1
2431,E9QkGczNUw,2,0,0,0
2432,E9QkGczNUw,0,0,1,1
2433,E9QkGczNUw,2,0,0,0
2434,E9QkGczNUw,2,0,0,0
2440,EBujA4tldV,0,0,0,2
2441,EBujA4tldV,2,0,0,0
2448,EETUbVsG6X,0,0,1,1
2449,EETUbVsG6X,0,0,1,1
2450,EETUbVsG6X,0,0,1,1
2451,EETUbVsG6X,0,0,1,1
2452,EETUbVsG6X,0,0,1,1
2469,EKmiOtjZjI,10,0,3,1
2470,EKmiOtjZjI,8,2,4,0
2471,EKmiOtjZjI,8,0,6,0
2472,EKmiOtjZjI,10,0,4,0
2473,EKmiOtjZjI,12,0,2,0
2474,EKmiOtjZjI,13,0,1,0
2475,ENuMNYCiV6,0,0,2,0
2476,ENuMNYCiV6,0,0,2,0
2477,ENuMNYCiV6,0,0,2,0
2478,ENuMNYCiV6,0,0,2,0
2479,ENuMNYCiV6,0,0,2,0
2480,EOzLsLk6Nd,6,0,0,1
2481,EOzLsLk6Nd,6,0,0,1
2482,EOzLsLk6Nd,6,0,0,1
2483,EOzLsLk6Nd,6,0,0,1
2484,EOzLsLk6Nd,6,0,0,1
2490,ESa07RwpVr,1,0,0,1
2491,ESa07RwpVr,1,0,1,0
2492,ESa07RwpVr,2,0,0,0
2493,ESa07RwpVr,1,1,0,0
2494,ESa07RwpVr,2,0,0,0
2509,EeuLO2BjFN,0,0,5,3
2510,EeuLO2BjFN,4,0,0,4
2512,EeuLO2BjFN,0,0,5,3
2513,EeuLO2BjFN,4,0,1,3
2514,EeuLO2BjFN,4,0,0,4
2518,EhJ1R2N6sn,1,0,2,0
2519,EhJ1R2N6sn,1,0,1,1
2520,EhJ1R2N6sn,1,0,1,1
2521,EhJ1R2N6sn,1,0,1,1
2534,Eqm5VEaAom,8,0,0,1
2535,Eqm5VEaAom,7,0,0,2
2536,Eqm5VEaAom,5,0,0,4
2537,Eqm5VEaAom,4,0,0,5
2538,Eqm5VEaAom,8,0,0,1
2540,ErcPPRZaiq,0,0,0,2
2541,ErcPPRZaiq,0,0,2,0
2542,ErcPPRZaiq,0,0,2,0
2544,ErcPPRZaiq,2,0,0,0
2545,ErcPPRZaiq,2,0,0,0
2546,ErcPPRZaiq,2,0,0,0
2553,EtAwPLwiX5,1,0,1,2
2554,EtAwPLwiX5,1,0,0,3
2555,EtAwPLwiX5,0,0,3,1
2556,EtAwPLwiX5,0,0,1,3
2557,EtAwPLwiX5,2,0,1,1
2564,EvmCeoiKYI,0,0,2,0
2565,EvmCeoiKYI,0,0,2,0
2566,EvmCeoiKYI,0,0,2,0
2567,EvmCeoiKYI,0,0,2,0
2568,EvmCeoiKYI,0,0,2,0
2569,EvmCeoiKYI,0,0,2,0
2570,ExQfs4Agz2,0,0,1,2
2571,ExQfs4Agz2,1,0,0,1
2572,ExQfs4Agz2,0,0,2,1
2573,ExQfs4Agz2,0,0,2,1
2574,ExQfs4Agz2,2,0,0,0
2575,ExQfs4Agz2,2,0,0,0
2576,ExQfs4Agz2,0,0,1,2
2577,ExQfs4Agz2,0,0,2,1
2578,EzpJxPDqXB,1,0,0,2
2579,EzpJxPDqXB,0,1,1,1
2580,EzpJxPDqXB,2,0,0,1
2592,F8R6Z6ty2E,2,0,0,0
2593,F8R6Z6ty2E,2,0,0,0
2598,F9NDKf5oPy,0,0,3,0
2599,F9NDKf5oPy,0,0,3,0
2600,F9NDKf5oPy,2,0,1,0
2601,F9NDKf5oPy,1,0,2,0
2602,F9NDKf5oPy,0,0,2,1
2603,FCVPVqRLDJ,0,0,3,0
2604,FCVPVqRLDJ,0,0,3,0
2605,FCVPVqRLDJ,0,0,2,1
2606,FCVPVqRLDJ,0,0,3,0
2607,FCVPVqRLDJ,0,0,3,0
2608,FCVPVqRLDJ,0,0,2,1
2609,FEmXFeqYNZ,15,0,0,4
2610,FEmXFeqYNZ,15,0,0,4
2611,FEmXFeqYNZ,13,0,3,3
2612,FEmXFeqYNZ,12,0,4,3
2623,FGHVEJ2Jz9,2,0,1,0
2624,FGHVEJ2Jz9,2,0,1,0
2625,FGHVEJ2Jz9,2,0,1,0
2626,FJLz8swPpd,3,0,1,0
2627,FJLz8swPpd,2,0,1,1
2628,FJLz8swPpd,3,0,1,0
2629,FJLz8swPpd,3,0,1,0
2630,FJLz8swPpd,3,0,1,0
2631,FJLz8swPpd,3,0,1,0
2632,FJZiatEiCG,0,0,2,1
2634,FJZiatEiCG,2,0,1,0
2637,FJZiatEiCG,2,0,1,0
2638,FJZiatEiCG,1,0,0,2
2639,FJZiatEiCG,0,0,0,3
2649,FP23eFYhAy,0,0,1,1
2650,FP23eFYhAy,0,0,1,1
2651,FP23eFYhAy,0,0,2,0
2652,FP23eFYhAy,0,0,2,0
2653,FP23eFYhAy,0,0,1,1
2654,FP23eFYhAy,0,0,1,1
2670,FXWnvznHMW,4,0,0,0
2671,FXWnvznHMW,2,0,0,2
2672,FXWnvznHMW,4,0,0,0
2673,FXWnvznHMW,3,0,1,0
2674,FXWnvznHMW,3,0,1,0
2682,FaGn04tvzq,12,2,4,3
2683,FaGn04tvzq,7,2,5,7
2684,FaGn04tvzq,12,1,4,4
2685,FaGn04tvzq,17,0,0,4
2686,FaGn04tvzq,16,0,1,4
2687,FaGn04tvzq,14,0,1,6
2688,FhBOdaIcUw,6,0,2,2
2689,FhBOdaIcUw,4,1,2,3
2690,FhBOdaIcUw,7,0,2,1
2691,FhBOdaIcUw,7,0,1,2
2692,FhBOdaIcUw,7,0,0,3
2693,FhBOdaIcUw,5,0,2,3
2700,FiCxlfjkhc,0,0,2,3
2701,FiCxlfjkhc,1,0,3,1
2702,FiCxlfjkhc,0,0,4,1
2703,FiCxlfjkhc,1,0,4,0
2704,FiCxlfjkhc,1,0,1,3
2705,FiCxlfjkhc,1,0,2,2
2706,FiuJVpxuSX,1,0,0,1
2707,FiuJVpxuSX,1,0,0,1
2725,FneePKFVHT,0,0,2,0
2726,FneePKFVHT,0,0,0,2
2727,FneePKFVHT,0,0,2,0
2728,FneePKFVHT,0,0,2,0
2729,FneePKFVHT,2,0,0,0
2730,FoDU47u2jk,4,0,5,2
2731,FoDU47u2jk,7,0,3,1
2733,FoDU47u2jk,4,0,7,0
2734,FoDU47u2jk,2,0,9,0
2736,FoDU47u2jk,4,0,6,1
2738,Fqhwxyh4VN,0,0,1,1
2739,Fqhwxyh4VN,0,0,1,1
2740,Fqhwxyh4VN,0,0,1,1
2741,Fqhwxyh4VN,0,0,2,0
2742,Fqhwxyh4VN,0,0,1,1
2743,Fqhwxyh4VN,0,0,1,1
2750,FtfV0UuRGz,3,1,2,0
2751,FtfV0UuRGz,3,0,0,0
2752,FtfV0UuRGz,2,1,0,0
2753,FtfV0UuRGz,3,0,0,0
2754,FtfV0UuRGz,3,0,3,0
2755,FtfV0UuRGz,4,0,1,1
2756,FtfV0UuRGz,2,0,3,1
2757,FtfV0UuRGz,4,0,1,1
2758,FzP6XZGG4d,4,0,0,0
2759,FzP6XZGG4d,3,1,0,0
2760,FzP6XZGG4d,4,0,0,0
2761,FzP6XZGG4d,4,0,0,0
2762,FzP6XZGG4d,4,0,0,0
2779,G4D0YzzZEk,3,0,0,0
2780,G4D0YzzZEk,3,0,0,0
2781,G4D0YzzZEk,0,0,2,1
2782,G4D0YzzZEk,3,0,0,0
2783,G4D0YzzZEk,3,0,0,0
2784,G4D0YzzZEk,3,0,0,0
2785,G4ve69pimc,4,1,0,1
2786,G4ve69pimc,4,0,0,2
2787,G4ve69pimc,4,0,1,1
2788,G4ve69pimc,5,0,0,1
2789,G4ve69pimc,5,0,0,1
2790,G6WKIN1heG,4,0,1,0
2791,G6WKIN1heG,4,0,1,0
2792,G6WKIN1heG,2,0,3,0
2793,G6WKIN1heG,4,0,1,0
2794,G9KydTWzZL,1,0,1,0
2795,G9KydTWzZL,0,0,1,1
2796,G9KydTWzZL,0,0,1,1
2797,G9KydTWzZL,1,0,1,0
2798,G9KydTWzZL,1,0,1,0
2799,G9KydTWzZL,1,0,1,0
2806,GAQE4Wr53f,5,9,3,0
2807,GAQE4Wr53f,3,0,0,0
2808,GAQE4Wr53f,15,0,0,2
2809,GAQE4Wr53f,3,0,0,0
2810,GAQE4Wr53f,3,0,0,0
2811,GAQE4Wr53f,13,0,1,3
2812,GAQE4Wr53f,9,5,2,1
2828,GJblFvJcMb,6,0,4,2
2829,GJblFvJcMb,10,0,1,1
2830,GJblFvJcMb,9,0,1,2
2831,GJblFvJcMb,5,4,2,1
2832,GJblFvJcMb,8,0,2,2
2833,GJblFvJcMb,9,0,1,2
2843,GLNiB1ePxm,1,0,1,0
2844,GLNiB1ePxm,1,0,0,1
2845,GLNiB1ePxm,1,0,1,0
2846,GLNiB1ePxm,1,0,1,0
2847,GLNiB1ePxm,1,0,0,1
2848,GLPTyKiiYZ,0,1,0,1
2849,GLPTyKiiYZ,1,0,0,1
2850,GLPTyKiiYZ,0,1,0,1
2851,GLPTyKiiYZ,1,0,0,1
2852,GLPTyKiiYZ,1,0,0,1
2853,GMIHHrJ6Wp,10,0,2,4
2854,GMIHHrJ6Wp,10,0,1,5
2855,GMIHHrJ6Wp,8,0,4,4
2856,GMIHHrJ6Wp,8,0,5,3
2857,GMIHHrJ6Wp,8,0,6,2
2858,GMIHHrJ6Wp,9,0,0,7
2859,GQ17DjsBcq,1,0,1,0
2860,GQ17DjsBcq,0,2,0,0
2861,GQ17DjsBcq,0,1,1,0
2862,GQ17DjsBcq,0,0,1,1
2863,GQ17DjsBcq,2,0,0,0
2864,GQ17DjsBcq,2,0,0,0
2870,GW3umRqsZZ,2,0,0,0
2871,GW3umRqsZZ,2,0,0,0
2872,GW3umRqsZZ,3,0,2,1
2873,GW3umRqsZZ,4,0,1,1
2874,GW3umRqsZZ,4,0,0,2
2875,GW3umRqsZZ,4,0,2,0
2876,GW3umRqsZZ,2,0,0,0
2877,GW3umRqsZZ,4,0,1,1
2892,GakFNj5L2W,2,0,2,0
2893,GakFNj5L2W,2,0,1,1
2894,GakFNj5L2W,3,0,0,1
2895,GakFNj5L2W,4,0,0,0
2896,GakFNj5L2W,2,0,1,1
2907,GcCBoFM8u9,1,1,1,2
2908,GcCBoFM8u9,3,0,0,2
2909,GcCBoFM8u9,0,1,2,2
2910,GcCBoFM8u9,0,0,2,3
2911,GcCBoFM8u9,1,0,1,3
2912,GdiPMYeFoG,1,0,1,0
2913,GdiPMYeFoG,0,0,0,2
2914,GdiPMYeFoG,0,0,1,1
2915,GdiPMYeFoG,0,0,0,2
2916,GdiPMYeFoG,1,0,1,0
2917,GdiPMYeFoG,1,0,0,1
2918,GdqrQ75Gg8,0,0,1,1
2919,GdqrQ75Gg8,0,0,1,1
2920,GdqrQ75Gg8,0,0,1,1
2921,GdqrQ75Gg8,0,0,1,1
2922,GdqrQ75Gg8,0,0,1,1
2923,GdqrQ75Gg8,0,1,1,0
2924,GdyuWMAH8P,0,0,1,1
2925,GdyuWMAH8P,0,0,1,1
2926,GdyuWMAH8P,0,0,2,0
2927,GdyuWMAH8P,0,0,2,0
2928,GdyuWMAH8P,0,0,1,1
2929,GdyuWMAH8P,0,0,2,0
2935,GeYKOC4BzB,10,0,0,2
2936,GeYKOC4BzB,4,4,2,2
2937,GeYKOC4BzB,9,0,2,1
2938,GeYKOC4BzB,8,0,0,4
2939,GeYKOC4BzB,4,0,3,5
2940,GgINST3Qgc,2,0,0,1
2941,GgINST3Qgc,0,0,1,2
2942,GgINST3Qgc,0,0,0,3
2943,GiSCgWW0Ze,0,1,1,1
2944,GiSCgWW0Ze,0,0,1,2
2945,GiSCgWW0Ze,0,0,2,1
2946,GiSCgWW0Ze,3,0,0,0
2947,GiSCgWW0Ze,3,0,0,0
2948,GiSCgWW0Ze,3,0,0,0
2982,Gz0RAgBfid,1,0,1,1
2983,Gz0RAgBfid,0,0,1,2
2984,Gz0RAgBfid,0,0,3,0
2985,Gz0RAgBfid,2,0,1,0
2986,Gz0RAgBfid,0,0,1,2
2987,Gz0RAgBfid,0,0,1,2
2999,H8ozFYOmk8,2,0,0,0
3000,H8ozFYOmk8,0,0,2,0
3001,H8ozFYOmk8,0,0,2,0
3002,H8ozFYOmk8,0,0,2,0
3003,H8ozFYOmk8,1,0,0,1
3004,H8ozFYOmk8,1,0,1,0
3010,HDBpda5Vih,10,0,2,0
3011,HDBpda5Vih,8,0,1,3
3012,HDBpda5Vih,9,0,2,1
3013,HDBpda5Vih,8,0,3,1
3014,HDBpda5Vih,10,0,2,0
3015,HDBpda5Vih,9,0,2,1
3016,HDoWJi2jlj,3,0,0,1
3017,HDoWJi2jlj,4,0,0,0
3018,HDoWJi2jlj,3,0,1,0
3019,HDoWJi2jlj,3,0,0,1
3020,HDoWJi2jlj,2,0,1,1
3033,HMu24dTKkJ,0,0,1,1
3034,HMu24dTKkJ,0,0,2,0
3035,HMu24dTKkJ,0,0,1,1
3036,HMu24dTKkJ,0,0,0,2
3037,HMu24dTKkJ,0,0,0,2
3038,HMyCBL2yMV,4,0,2,5
3039,HMyCBL2yMV,5,1,3,2
3040,HMyCBL2yMV,9,0,0,2
3041,HMyCBL2yMV,10,0,0,1
3042,HMyCBL2yMV,8,0,2,1
3053,HSuU4xBmAv,0,0,3,2
3054,HSuU4xBmAv,1,0,1,3
3055,HSuU4xBmAv,3,0,1,1
3056,HSuU4xBmAv,0,0,2,3
3057,HSuU4xBmAv,1,0,3,1
3074,HdhEFfEsoz,0,1,0,2
3075,HdhEFfEsoz,0,0,0,3
3076,HdhEFfEsoz,2,0,0,1
3077,HdhEFfEsoz,2,0,0,1
3078,HdhEFfEsoz,2,0,0,1
3079,HdhEFfEsoz,1,0,0,2
3080,HigEPnWgLQ,2,0,0,0
3081,HigEPnWgLQ,2,0,0,0
3082,HigEPnWgLQ,1,0,3,0
3083,HigEPnWgLQ,3,0,1,0
3084,HigEPnWgLQ,2,0,0,0
3085,HigEPnWgLQ,3,0,1,0
3086,HigEPnWgLQ,3,0,1,0
3087,HigEPnWgLQ,3,0,1,0
3091,Hnty5t1TNg,4,0,0,0
3092,Hnty5t1TNg,4,0,0,0
3093,Hnty5t1TNg,2,0,1,1
3094,Hnty5t1TNg,3,0,0,1
3095,Hnty5t1TNg,1,0,2,1
3096,Hpfybj9wkd,1,0,1,1
3097,Hpfybj9wkd,0,0,3,0
3098,Hpfybj9wkd,3,0,0,0
3099,Hpfybj9wkd,3,0,0,0
3100,Hpfybj9wkd,3,0,0,0
3111,HtSjPOIMMc,0,0,3,1
3112,HtSjPOIMMc,2,0,1,1
3113,HtSjPOIMMc,1,0,2,1
3114,HtSjPOIMMc,3,0,1,0
3115,HtSjPOIMMc,3,0,1,0
3116,HtSjPOIMMc,1,0,2,1
3117,Hu8tqsCnEn,0,0,2,1
3118,Hu8tqsCnEn,0,0,2,1
3119,Hu8tqsCnEn,0,0,2,1
3120,Hu8tqsCnEn,0,0,2,1
3121,Hu8tqsCnEn,0,0,3,0
3122,Hw9EsvumTM,0,0,2,0
3123,Hw9EsvumTM,0,0,2,0
3124,Hw9EsvumTM,0,0,2,0
3125,Hw9EsvumTM,0,0,2,0
3126,Hw9EsvumTM,0,0,2,0
3127,Hw9EsvumTM,0,0,2,0
3128,HwXyyvK7ZJ,0,3,1,1
3129,HwXyyvK7ZJ,3,0,2,0
3130,HwXyyvK7ZJ,5,0,0,0
3131,HwXyyvK7ZJ,4,0,1,0
3132,HwXyyvK7ZJ,0,3,1,1
3133,HwXyyvK7ZJ,5,0,0,0
3145,I4LNtQHQBK,2,0,2,0
3146,I4LNtQHQBK,3,0,1,0
3147,I4LNtQHQBK,0,1,3,0
3148,I4LNtQHQBK,1,0,2,1
3149,I4LNtQHQBK,3,0,1,0
3150,I4LNtQHQBK,3,0,1,0
3157,I9cWQO0BP7,0,0,0,2
3158,I9cWQO0BP7,0,0,0,2
3159,I9cWQO0BP7,0,0,0,2
3160,I9cWQO0BP7,0,0,0,2
3174,IMFgiWw4jd,1,0,3,0
3175,IMFgiWw4jd,2,0,2,0
3176,IMFgiWw4jd,0,0,2,2
3177,IMFgiWw4jd,0,0,2,2
3178,IMFgiWw4jd,1,0,3,0
3179,IMFgiWw4jd,1,0,2,1
3186,IQojX8HugF,9,0,1,0
3187,IQojX8HugF,1,5,4,0
3188,IQojX8HugF,7,2,1,0
3189,IQojX8HugF,9,0,1,0
3190,IQojX8HugF,8,0,2,0
3191,IQojX8HugF,1,5,3,1
3192,ISNSiAC3n1,8,0,2,1
3193,ISNSiAC3n1,9,2,0,0
3194,ISNSiAC3n1,9,2,0,0
3195,ISNSiAC3n1,9,1,0,1
3196,ISNSiAC3n1,9,1,0,1
3203,IXV8eAZsKc,0,0,4,0
3204,IXV8eAZsKc,0,3,1,0
3211,IalpB5Mzaz,0,0,0,2
3212,IalpB5Mzaz,2,0,0,0
3213,IalpB5Mzaz,0,0,2,0
3214,IbRm6gwmew,0,0,1,1
3215,IbRm6gwmew,0,0,1,1
3216,IbRm6gwmew,0,0,2,0
3217,IbRm6gwmew,0,0,1,1
3218,IbRm6gwmew,0,0,2,0
3219,IbRm6gwmew,0,0,1,1
3226,IelAHU5MVz,0,0,0,2
3227,IelAHU5MVz,0,0,1,1
3228,IelAHU5MVz,0,0,1,1
3229,IelAHU5MVz,1,0,0,1
3230,IelAHU5MVz,0,0,1,1
3231,IelAHU5MVz,0,0,0,2
3237,If4X4W2HWx,2,0,5,1
3238,If4X4W2HWx,3,0,4,1
3239,If4X4W2HWx,5,0,1,2
3240,If4X4W2HWx,5,0,1,2
3241,If4X4W2HWx,5,0,3,0
3242,If4X4W2HWx,4,0,3,1
3257,IkPdV0stxX,0,1,1,1
3258,IkPdV0stxX,0,1,1,1
3259,IkPdV0stxX,2,0,0,1
3260,IkPdV0stxX,0,1,1,1
3261,IkPdV0stxX,0,0,2,1
3262,IkPdV0stxX,3,0,0,0
3263,IkjsHRpuYY,5,0,0,2
3264,IkjsHRpuYY,5,0,1,1
3265,IkjsHRpuYY,5,0,0,2
3266,IkjsHRpuYY,6,0,0,1
3267,IkjsHRpuYY,6,0,0,1
3268,IkjsHRpuYY,5,0,0,2
3275,Ipgssz2WL1,1,0,1,1
3276,Ipgssz2WL1,1,1,0,1
3277,Ipgssz2WL1,2,0,0,1
3278,Ipgssz2WL1,1,0,1,1
3279,Ipgssz2WL1,0,1,1,1
3280,Ir6N7U5Kea,7,0,0,0
3281,Ir6N7U5Kea,7,0,0,0
3282,Ir6N7U5Kea,3,4,0,0
3283,Ir6N7U5Kea,7,0,0,0
3284,Ir6N7U5Kea,2,4,1,0
3285,Ir6N7U5Kea,1,5,1,0
3286,ItJEC1Mk0V,0,2,0,1
3288,ItJEC1Mk0V,3,0,0,0
3289,ItJEC1Mk0V,3,0,0,0
3290,ItJEC1Mk0V,0,2,0,1
3293,ItJEC1Mk0V,1,2,0,0
3300,Iv2xle8uSv,2,0,0,0
3301,Iv2xle8uSv,2,0,0,0
3302,Iv2xle8uSv,2,0,0,0
3303,Iv2xle8uSv,2,0,0,0
3304,Iv2xle8uSv,2,0,0,0
3305,IwP8LZzc97,0,0,0,2
3306,IwP8LZzc97,0,0,1,1
3307,IwP8LZzc97,0,0,0,2
3308,IwP8LZzc97,0,0,1,1
3309,Iww9TICvKj,5,0,2,4
3310,Iww9TICvKj,7,0,2,2
3311,Iww9TICvKj,5,0,0,6
3312,Iww9TICvKj,5,0,2,4
3313,Iww9TICvKj,6,0,1,4
3314,J0y3sNbo9G,4,1,6,3
3315,J0y3sNbo9G,11,0,2,1
3316,J0y3sNbo9G,4,0,0,0
3317,J0y3sNbo9G,10,1,2,1
3318,J0y3sNbo9G,7,2,4,1
3319,J0y3sNbo9G,8,2,3,1
3320,J0y3sNbo9G,3,0,0,1
3321,J0y3sNbo9G,12,0,1,1
3322,J0y3sNbo9G,2,0,1,1
3340,J5i09faOOf,0,0,1,1
3341,J5i09faOOf,0,0,1,1
3342,J5i09faOOf,0,0,2,0
3343,J5i09faOOf,0,0,2,0
3344,J5i09faOOf,0,0,1,1
3345,J5odClCiIX,1,0,1,0
3346,J6AIZuAN81,1,0,0,1
3347,J6AIZuAN81,0,0,1,1
3348,J6AIZuAN81,1,0,0,1
3349,J6AIZuAN81,1,0,0,1
3350,J6AIZuAN81,0,0,0,2
3364,JFevoTJIVi,2,0,0,1
3365,JFevoTJIVi,2,0,1,0
3366,JFevoTJIVi,0,2,1,0
3367,JFevoTJIVi,3,0,0,0
3368,JFevoTJIVi,2,0,0,1
3369,JIbkbLYo3o,7,0,1,3
3370,JIbkbLYo3o,8,0,2,1
3371,JIbkbLYo3o,8,0,2,1
3372,JIbkbLYo3o,7,0,1,3
3373,JIbkbLYo3o,5,0,4,2
3374,JIbkbLYo3o,7,0,1,3
3378,JJw9sN5Lah,0,0,1,1
3379,JJw9sN5Lah,0,0,1,1
3380,JJw9sN5Lah,0,0,1,1
3381,JJw9sN5Lah,1,0,1,0
3382,JJw9sN5Lah,0,0,1,1
3383,JJw9sN5Lah,0,0,1,1
3400,JOyxs9ElI7,7,0,2,2
3401,JOyxs9ElI7,6,0,2,3
3402,JOyxs9ElI7,6,0,2,3
3403,JOyxs9ElI7,6,0,2,3
3404,JOyxs9ElI7,6,0,2,3
3405,JOyxs9ElI7,6,0,2,3
3439,JXN3npSRRD,3,0,1,2
3440,JXN3npSRRD,1,0,1,4
3441,JXN3npSRRD,1,0,2,3
3442,JXN3npSRRD,3,0,1,2
3443,JXN3npSRRD,3,0,1,2
3448,JfcKBsbx0n,0,0,2,0
3449,JfcKBsbx0n,0,0,0,2
3450,JfcKBsbx0n,0,0,0,2
3451,JfcKBsbx0n,0,0,0,2
3452,JfcKBsbx0n,0,0,2,0
3455,Jh6gq9QsFa,0,0,1,1
3456,Jh6gq9QsFa,0,0,2,0
3457,Jh6gq9QsFa,0,0,2,0
3458,Jh6gq9QsFa,0,0,1,1
3459,Jh6gq9QsFa,0,0,2,0
3460,Jh6gq9QsFa,0,0,1,1
3461,JiB2eXY8fT,1,0,0,1
3462,JiB2eXY8fT,0,0,0,2
3463,JiB2eXY8fT,0,0,0,2
3464,JiB2eXY8fT,0,0,1,1
3465,JiB2eXY8fT,0,0,1,1
3466,JidATZ8SuW,5,0,0,0
3467,JidATZ8SuW,4,0,0,1
3468,JidATZ8SuW,5,0,0,0
3469,JidATZ8SuW,4,1,0,0
3470,JidATZ8SuW,5,0,0,0
3480,JnuwpwbZ8D,4,0,2,8
3481,JnuwpwbZ8D,5,0,3,6
3482,JnuwpwbZ8D,4,0,3,7
3483,JnuwpwbZ8D,4,0,3,7
3484,JnuwpwbZ8D,4,0,1,9
3485,JnuwpwbZ8D,4,0,1,9
3490,Jva4wVEySO,0,0,2,0
3491,Jva4wVEySO,0,0,3,0
3492,Jva4wVEySO,0,0,2,1
3493,Jva4wVEySO,0,0,1,1
3505,K1EPPO9t2c,4,0,3,0
3506,K1EPPO9t2c,5,0,1,1
3507,K1EPPO9t2c,2,0,3,2
3508,K1EPPO9t2c,2,0,3,2
3509,K1EPPO9t2c,5,0,1,1
3510,K1EPPO9t2c,3,0,3,1
3511,K1mAvyHhKU,3,0,0,0
3512,K1mAvyHhKU,1,0,1,1
3513,K1mAvyHhKU,2,0,1,0
3514,K1mAvyHhKU,3,0,0,0
3515,K1mAvyHhKU,3,0,0,0
3516,K5blb595KX,4,1,0,1
3517,K5blb595KX,5,0,0,1
3518,K5blb595KX,2,0,1,3
3519,K5blb595KX,5,0,0,1
3520,K5blb595KX,5,0,0,1
3524,KFIW6LOeT1,1,2,1,0
3525,KFIW6LOeT1,3,0,0,1
3526,KFIW6LOeT1,1,2,1,0
3527,KFIW6LOeT1,2,0,0,2
3528,KFIW6LOeT1,3,0,0,1
3529,KG4CjK6j8Y,3,0,2,3
3530,KG4CjK6j8Y,1,2,4,1
3531,KG4CjK6j8Y,0,2,2,4
3532,KG4CjK6j8Y,2,2,2,2
3533,KG4CjK6j8Y,1,2,5,0
3534,KG4CjK6j8Y,1,3,4,0
3535,KHhO311xZ2,2,0,1,1
3536,KHhO311xZ2,3,0,1,0
3537,KHhO311xZ2,2,0,1,1
3538,KHhO311xZ2,2,0,1,1
3539,KHhO311xZ2,3,0,0,1
3543,KJq0iScNM6,2,3,4,3
3544,KJq0iScNM6,9,0,2,1
3545,KJq0iScNM6,5,0,4,3
3546,KJq0iScNM6,3,1,6,2
3547,KJq0iScNM6,2,3,3,4
3553,KODJBT02ux,4,0,2,1
3554,KODJBT02ux,4,0,2,1
3555,KODJBT02ux,4,0,2,1
3556,KODJBT02ux,4,1,1,1
3557,KODJBT02ux,6,0,1,0
3558,KODJBT02ux,6,0,1,0
3559,KPD4s6z0Wc,0,0,0,2
3560,KPD4s6z0Wc,0,0,0,2
3564,KQT6pf4Mva,0,0,1,1
3565,KQT6pf4Mva,0,0,2,0
3566,KQT6pf4Mva,0,0,2,0
3567,KQT6pf4Mva,0,0,2,0
3568,KQT6pf4Mva,0,0,2,0
3569,KS6RbZMt8L,3,0,2,4
3570,KS6RbZMt8L,2,1,1,5
3571,KS6RbZMt8L,3,0,2,4
3572,KS6RbZMt8L,3,0,2,4
3573,KS6RbZMt8L,4,0,1,4
3580,KUBkuPwGf4,2,0,0,0
3581,KUBkuPwGf4,13,0,1,2
3582,KUBkuPwGf4,2,0,0,0
3583,KUBkuPwGf4,2,0,0,0
3584,KUBkuPwGf4,13,0,1,2
3585,KUBkuPwGf4,11,0,5,0
3586,KUBkuPwGf4,12,0,3,1
3587,KUBkuPwGf4,13,0,1,2
3588,KUBkuPwGf4,13,0,1,2
3594,Ke4poDVYTO,0,1,1,0
3595,Ke4poDVYTO,1,0,0,1
3596,Ke4poDVYTO,1,0,0,1
3597,Ke4poDVYTO,2,0,0,0
3598,Ke4poDVYTO,0,1,1,0
3599,KfDXKFFzze,1,0,3,1
3600,KfDXKFFzze,3,0,0,2
3601,KfDXKFFzze,3,0,0,2
3602,KfDXKFFzze,2,0,1,2
3616,Kk5UZgkWFx,9,0,0,1
3617,Kk5UZgkWFx,9,0,0,1
3618,Kk5UZgkWFx,9,0,0,1
3619,Kk5UZgkWFx,9,0,1,0
3620,Kk5UZgkWFx,8,1,0,1
3626,Km8yqb7SfN,2,0,1,0
3627,Km8yqb7SfN,2,0,1,0
3628,Km8yqb7SfN,0,0,2,1
3629,Km8yqb7SfN,2,0,1,0
3630,Km8yqb7SfN,2,0,1,0
3631,Km8yqb7SfN,2,0,1,0
3638,Kmv7TjGCru,0,0,2,0
3639,Kmv7TjGCru,0,0,1,1
3640,Kmv7TjGCru,0,0,1,1
3641,Kmv7TjGCru,0,0,1,1
3642,Kmv7TjGCru,0,0,2,0
3643,KqMqJpSMnQ,9,0,2,5
3644,KqMqJpSMnQ,11,0,0,5
3645,KqMqJpSMnQ,12,0,4,0
3646,KqMqJpSMnQ,11,0,0,5
3647,KqMqJpSMnQ,11,0,0,5
3648,KqMqJpSMnQ,10,0,1,5
3654,Kw0nhxeTeI,0,1,2,3
3655,Kw0nhxeTeI,0,0,4,2
3656,Kw0nhxeTeI,1,1,0,4
3657,Kw0nhxeTeI,0,1,0,5
3658,Kw0nhxeTeI,1,1,0,4
3659,Kw0nhxeTeI,1,0,3,2
3660,L0T4pmqkMg,5,0,0,0
3661,L0T4pmqkMg,3,0,2,0
3662,L0T4pmqkMg,5,0,0,0
3663,L0T4pmqkMg,3,0,2,0
3664,L0T4pmqkMg,3,0,2,0
3665,L3fJXwaFdx,0,0,1,1
3666,L3fJXwaFdx,0,0,1,1
3667,L3fJXwaFdx,0,0,1,1
3668,L3fJXwaFdx,0,0,1,1
3669,L3fJXwaFdx,0,0,1,1
3670,L3fJXwaFdx,0,0,2,0
3676,L5ZJv73k7x,6,0,1,0
3677,L5ZJv73k7x,5,0,1,1
3678,L5ZJv73k7x,6,0,1,0
3679,L5ZJv73k7x,5,0,1,1
3680,L5ZJv73k7x,4,0,1,2
3699,LF5rPrxbHp,2,0,0,0
3700,LF5rPrxbHp,2,0,0,0
3701,LF5rPrxbHp,2,0,0,0
3702,LF5rPrxbHp,2,0,0,0
3703,LF5rPrxbHp,0,2,0,0
3704,LHCQSx0cQV,1,0,1,0
3705,LHCQSx0cQV,0,0,1,1
3706,LHCQSx0cQV,0,0,1,1
3707,LJdacnMXkr,5,1,2,5
3708,LJdacnMXkr,7,0,2,4
3709,LJdacnMXkr,11,0,1,1
3710,LJdacnMXkr,9,1,2,1
3711,LJdacnMXkr,11,0,1,1
3712,LJdacnMXkr,9,0,1,3
3718,LTHHiPNbrs,3,3,0,1
3719,LTHHiPNbrs,4,3,0,0
3720,LTHHiPNbrs,5,2,0,0
3721,LTHHiPNbrs,7,0,0,0
3722,LTHHiPNbrs,7,0,0,0
3729,LcswwEzzX7,0,0,4,1
3730,LcswwEzzX7,0,0,5,0
3731,LcswwEzzX7,4,0,1,0
3732,LcswwEzzX7,0,0,5,0
3733,LcswwEzzX7,0,0,5,0
3734,LfUXGnwVzw,0,0,0,2
3735,LfUXGnwVzw,2,0,0,0
3736,LfUXGnwVzw,0,0,0,2
3737,LfUXGnwVzw,0,0,0,2
3738,LfUXGnwVzw,0,0,0,2
3746,LhGxRnGmGJ,10,2,0,0
3748,LhGxRnGmGJ,6,1,2,3
3749,LhGxRnGmGJ,8,3,0,1
3750,LhGxRnGmGJ,11,1,0,0
3751,LhGxRnGmGJ,11,0,1,0
3752,LhGxRnGmGJ,12,0,0,0
3753,Li5ki5Dopo,0,0,3,0
3754,Li5ki5Dopo,0,0,1,2
3755,Li5ki5Dopo,0,0,2,1
3756,Li5ki5Dopo,0,0,2,1
3757,Li5ki5Dopo,0,0,2,1
3758,Li5ki5Dopo,1,0,1,1
3787,LvYuEB4POi,0,0,1,2
3788,LvYuEB4POi,0,0,1,2
3789,LvYuEB4POi,0,0,1,2
3790,LvYuEB4POi,0,0,1,2
3791,LvYuEB4POi,1,0,1,1
3792,LvYuEB4POi,0,0,2,1
3796,LyhBIrNBXv,1,0,1,1
3797,LyhBIrNBXv,2,0,0,1
3798,LyhBIrNBXv,2,0,0,1
3799,LyhBIrNBXv,1,0,2,0
3800,LyhBIrNBXv,2,0,0,1
3807,Lzwp2KXedc,7,0,2,2
3808,Lzwp2KXedc,7,0,1,3
3809,Lzwp2KXedc,7,0,1,3
3810,Lzwp2KXedc,7,0,0,4
3811,Lzwp2KXedc,6,2,2,1
3812,Lzwp2KXedc,6,1,1,3
3813,M0e5XORjAW,0,0,1,1
3814,M0e5XORjAW,0,0,2,0
3815,M4bE60aa1C,0,0,1,2
3816,M4bE60aa1C,0,2,1,0
3817,M4bE60aa1C,0,2,0,1
3818,M4bE60aa1C,0,1,2,0
3819,M4bE60aa1C,2,0,0,1
3820,M4bE60aa1C,1,0,1,1
3821,M52jcbntdB,9,0,0,2
3822,M52jcbntdB,8,0,1,2
3823,M52jcbntdB,7,0,2,2
3824,M52jcbntdB,9,0,0,2
3825,M52jcbntdB,6,0,1,4
3826,M52jcbntdB,6,0,0,5
3827,M78xLFN7EJ,0,0,2,1
3828,M78xLFN7EJ,0,0,2,1
3829,M78xLFN7EJ,0,0,2,1
3830,M78xLFN7EJ,0,1,1,1
3831,M78xLFN7EJ,1,0,1,1
3832,M9I9QsyEDF,0,0,2,2
3833,M9I9QsyEDF,2,0,1,1
3834,M9I9QsyEDF,1,0,1,2
3836,M9I9QsyEDF,1,0,1,2
3837,M9I9QsyEDF,1,0,1,2
3839,MA1LUDNA3s,9,0,1,2
3840,MA1LUDNA3s,3,0,0,0
3841,MA1LUDNA3s,9,0,2,1
3842,MA1LUDNA3s,3,0,0,0
3843,MA1LUDNA3s,3,0,0,0
3844,MA1LUDNA3s,6,1,3,2
3845,MA1LUDNA3s,9,0,1,2
3846,MA1LUDNA3s,10,0,1,1
3847,MA1LUDNA3s,9,0,1,2
3848,MB5Qejqmtw,2,0,1,0
3849,MB5Qejqmtw,2,0,1,0
3850,MB5Qejqmtw,2,0,1,0
3851,MB5Qejqmtw,0,0,3,0
3852,MB5Qejqmtw,2,0,1,0
3875,MWEh9IPz8N,0,0,0,2
3876,MWEh9IPz8N,0,0,0,2
3877,MWEh9IPz8N,0,0,2,0
3878,MWEh9IPz8N,0,0,2,0
3879,MWEh9IPz8N,0,0,2,0
3880,MWEh9IPz8N,0,1,0,1
3881,MXvuMNd3oI,0,0,3,1
3882,MXvuMNd3oI,3,0,1,0
3883,MXvuMNd3oI,1,0,2,1
3884,MXvuMNd3oI,1,0,2,1
3885,MXvuMNd3oI,2,0,2,0
3891,MbmhB3KqKU,0,0,2,1
3892,MbmhB3KqKU,0,0,1,2
3893,MbmhB3KqKU,2,0,0,1
3894,MbmhB3KqKU,0,0,3,0
3895,MbmhB3KqKU,2,0,1,0
3901,MdHcU4C4Rm,6,3,9,1
3903,MdHcU4C4Rm,12,0,5,2
3906,MdHcU4C4Rm,15,0,1,3
3907,MdHcU4C4Rm,15,0,1,3
3908,MdHcU4C4Rm,14,0,5,0
3909,MdHcU4C4Rm,12,0,4,3
3912,Mkal0hTCnh,0,0,2,0
3913,Mkal0hTCnh,0,0,2,0
3914,Mkal0hTCnh,0,0,2,0
3915,Mkal0hTCnh,2,0,0,0
3916,Mkal0hTCnh,2,0,0,0
3917,Mkal0hTCnh,0,0,2,0
3924,MpBeXMurIb,0,0,1,2
3925,MpBeXMurIb,0,0,2,1
3926,MpBeXMurIb,0,0,3,0
3927,MpBeXMurIb,3,0,0,0
3928,MpBeXMurIb,3,0,0,0
3929,MpBeXMurIb,3,0,0,0
3937,MrIDZjIsNF,8,0,2,2
3938,MrIDZjIsNF,8,0,2,2
3939,MrIDZjIsNF,8,0,2,2
3940,MrIDZjIsNF,6,0,2,4
3941,MrIDZjIsNF,7,0,2,3
3942,MrIDZjIsNF,8,0,2,2
3943,MvuCgK0Qns,3,0,0,0
3944,MvuCgK0Qns,3,0,0,0
3945,MvuCgK0Qns,18,0,2,1
3946,MvuCgK0Qns,13,1,2,5
3947,MvuCgK0Qns,11,1,4,5
3948,MvuCgK0Qns,3,0,0,0
3949,MvuCgK0Qns,10,0,3,8
3950,MvuCgK0Qns,10,0,4,7
3951,MyBVUgacQ9,0,2,2,2
3952,MyBVUgacQ9,3,0,1,2
3953,MyBVUgacQ9,0,0,5,1
3954,MyBVUgacQ9,4,0,1,1
3955,MyBVUgacQ9,4,0,1,1
3956,MyBVUgacQ9,4,0,1,1
3964,N0qnrJEIoy,0,0,1,1
3965,N0qnrJEIoy,0,0,1,1
3966,N0qnrJEIoy,0,0,1,1
3972,N9nlCRUiir,1,3,1,5
3973,N9nlCRUiir,2,1,4,3
3975,N9nlCRUiir,3,2,4,1
3976,N9nlCRUiir,5,0,2,3
3977,N9nlCRUiir,3,0,2,5
3978,N9nlCRUiir,4,0,1,5
3979,NHWsF72zPP,2,4,1,1
3980,NHWsF72zPP,6,0,2,0
3981,NHWsF72zPP,5,0,3,0
3982,NHWsF72zPP,6,0,1,1
3983,NHWsF72zPP,6,0,1,1
3989,NKKwTEYdAm,0,0,1,1
3990,NKKwTEYdAm,0,0,2,0
3991,NKKwTEYdAm,0,0,2,0
3992,NKKwTEYdAm,0,0,1,1
3993,NKKwTEYdAm,0,0,0,2
3994,NKKwTEYdAm,0,0,1,1
3995,NMMmwSbzRx,0,0,0,2
3996,NMMmwSbzRx,0,0,1,1
3997,NMMmwSbzRx,0,0,1,1
3998,NMMmwSbzRx,0,0,1,1
3999,NMMmwSbzRx,0,0,2,0
4000,NMMmwSbzRx,0,0,1,1
4007,NOIl9L4Y7S,4,0,1,0
4009,NOIl9L4Y7S,3,0,1,1
4010,NOIl9L4Y7S,2,0,2,1
4011,NOIl9L4Y7S,2,0,2,1
4012,NOIl9L4Y7S,2,0,2,1
4020,NUDNFusCDu,0,0,1,1
4021,NUDNFusCDu,0,0,1,1
4022,NUDNFusCDu,0,0,2,0
4023,NUDNFusCDu,0,0,1,1
4024,NUDNFusCDu,0,0,1,1
4025,NUDNFusCDu,0,0,2,0
4026,NUyt4uxzx0,0,0,1,5
4027,NUyt4uxzx0,1,0,0,5
4028,NUyt4uxzx0,0,0,4,2
4029,NUyt4uxzx0,0,0,3,3
4030,NUyt4uxzx0,0,0,1,5
4035,NZvWGf2XXM,0,0,1,1
4036,NZvWGf2XXM,1,0,0,1
4037,NZvWGf2XXM,1,0,0,1
4038,NZvWGf2XXM,1,0,0,1
4039,NZvWGf2XXM,1,0,0,1
4043,NinueNAODD,0,1,1,1
4044,NinueNAODD,1,0,2,0
4045,NinueNAODD,1,0,2,0
4046,NinueNAODD,1,0,2,0
4047,NinueNAODD,2,0,1,0
4048,NinueNAODD,0,2,1,0
4063,Np7Y3AEVNq,3,0,0,1
4064,Np7Y3AEVNq,3,0,0,1
4065,Np7Y3AEVNq,0,0,4,0
4066,Np7Y3AEVNq,3,0,1,0
4067,Np7Y3AEVNq,3,0,1,0
4068,Np7Y3AEVNq,3,0,1,0
4069,NpSI4x2vBS,2,0,1,3
4070,NpSI4x2vBS,1,1,2,2
4071,NpSI4x2vBS,2,2,1,1
4072,NpSI4x2vBS,2,0,2,2
4073,NpSI4x2vBS,0,0,4,2
4074,NpguYNGrG2,0,0,1,1
4075,NpguYNGrG2,0,0,1,1
4076,NpguYNGrG2,0,0,0,2
4077,NpguYNGrG2,0,0,0,2
4078,NpguYNGrG2,0,0,0,2
4079,NvJPE1oiKd,2,0,0,1
4080,NvJPE1oiKd,2,0,0,1
4081,NvJPE1oiKd,2,0,0,1
4082,NvJPE1oiKd,1,0,0,2
4083,NvJPE1oiKd,1,0,1,1
4084,NvJPE1oiKd,2,0,0,1
4085,NvPgRwURDC,0,0,2,0
4086,NvPgRwURDC,1,0,1,0
4087,NvPgRwURDC,0,0,2,0
4088,NvPgRwURDC,2,0,0,0
4089,NvPgRwURDC,2,0,0,0
4090,NvPgRwURDC,0,0,2,0
4108,O57TtEyCrW,1,0,0,1
4109,O57TtEyCrW,0,0,2,0
4110,O57TtEyCrW,0,0,1,1
4111,O57TtEyCrW,0,0,1,1
4112,O57TtEyCrW,1,0,0,1
4113,O57TtEyCrW,0,0,2,0
4125,O7UHBoLrx4,2,0,0,0
4126,O7UHBoLrx4,2,0,0,0
4127,O7UHBoLrx4,2,0,0,0
4128,O7UHBoLrx4,0,0,0,2
4129,O7UHBoLrx4,0,0,0,2
4130,O88FCPAPAj,0,0,1,1
4131,O88FCPAPAj,0,0,0,2
4132,O88FCPAPAj,0,0,2,0
4133,O88FCPAPAj,0,0,2,0
4134,O88FCPAPAj,0,0,2,0
4135,O8jabXEYlQ,0,0,1,2
4136,O8jabXEYlQ,0,0,3,0
4137,O8jabXEYlQ,0,0,3,0
4138,O8jabXEYlQ,0,0,1,2
4149,OC2z7iSQKa,5,0,3,2
4152,OC2z7iSQKa,5,0,3,2
4153,OC2z7iSQKa,9,0,0,1
4154,OC2z7iSQKa,9,0,1,0
4155,OC2z7iSQKa,9,0,1,0
4164,OMdQJQwp26,0,0,3,1
4165,OMdQJQwp26,0,0,4,0
4166,OMdQJQwp26,0,2,2,0
4167,OMdQJQwp26,0,1,2,1
4168,OMdQJQwp26,1,0,3,0
4169,OMdQJQwp26,4,0,0,0
4175,OT9cxeWbEO,6,0,7,2
4176,OT9cxeWbEO,10,0,4,1
4177,OT9cxeWbEO,11,0,1,3
4178,OT9cxeWbEO,10,0,3,2
4179,OT9cxeWbEO,10,0,1,4
4180,OT9cxeWbEO,11,0,1,3
4181,OVBpXUvwMi,4,0,0,0
4182,OVBpXUvwMi,3,0,0,1
4183,OVBpXUvwMi,2,0,1,1
4184,OVBpXUvwMi,4,0,0,0
4185,OVBpXUvwMi,2,0,0,2
4186,OXjToUQDz1,0,0,1,1
4187,OXjToUQDz1,0,0,1,1
4188,OXjToUQDz1,1,0,0,1
4189,OXjToUQDz1,1,0,0,1
4190,OXjToUQDz1,1,0,0,1
4193,Oc5d0gsRTs,1,0,1,0
4194,Oc5d0gsRTs,2,0,0,0
4195,Oc5d0gsRTs,1,0,1,0
4196,Oc5d0gsRTs,1,0,0,1
4198,Oc5d0gsRTs,2,0,0,0
4199,OeY3gcvlvh,5,0,0,0
4201,OeY3gcvlvh,5,0,0,0
4202,OeY3gcvlvh,5,0,0,0
4203,OeY3gcvlvh,5,0,0,0
4204,OeY3gcvlvh,5,0,0,0
4223,Ol99zoW31J,8,0,2,2
4224,Ol99zoW31J,9,0,1,2
4225,Ol99zoW31J,4,0,0,0
4226,Ol99zoW31J,4,0,0,0
4227,Ol99zoW31J,4,0,0,0
4228,Ol99zoW31J,10,0,2,0
4229,Ol99zoW31J,7,0,4,1
4230,Ol99zoW31J,9,0,2,1
4231,OmmKEy9Ixf,1,0,2,2
4232,OmmKEy9Ixf,2,0,0,3
4233,OmmKEy9Ixf,2,0,0,3
4234,OmmKEy9Ixf,2,0,1,2
4235,OmmKEy9Ixf,1,0,2,2
4236,On2B3By7PT,3,0,1,1
4237,On2B3By7PT,3,0,0,2
4238,On2B3By7PT,0,2,1,2
4239,On2B3By7PT,0,2,2,1
4240,On2B3By7PT,0,1,2,2
4241,On2B3By7PT,4,0,1,0
4244,Orp9hTiNEY,0,0,1,1
4245,Orp9hTiNEY,0,0,1,1
4246,Orp9hTiNEY,0,0,1,1
4247,OwLuqetJuB,9,1,3,3
4248,OwLuqetJuB,11,0,1,4
4252,OwLuqetJuB,10,0,4,2
4253,OwLuqetJuB,10,0,3,3
4254,OwLuqetJuB,11,0,3,2
4255,OwLuqetJuB,10,1,3,2
4256,Oz335dV48X,0,0,3,0
4257,Oz335dV48X,1,0,1,1
4258,Oz335dV48X,0,0,3,0
4259,Oz335dV48X,0,0,3,0
4260,Oz335dV48X,0,0,2,1
4261,Oz335dV48X,0,0,2,1
4262,P0eayHlqb7,5,0,1,1
4263,P0eayHlqb7,5,0,1,1
4264,P0eayHlqb7,6,0,0,1
4265,P0eayHlqb7,5,1,1,0
4266,P0eayHlqb7,6,0,1,0
4276,P3Mnh7mF5a,4,0,4,0
4277,P3Mnh7mF5a,5,0,3,0
4278,P3Mnh7mF5a,6,0,2,0
4279,P3Mnh7mF5a,6,0,1,1
4280,P3Mnh7mF5a,5,0,3,0
4287,P7RGcAOZZ3,0,0,1,1
4288,P7RGcAOZZ3,0,0,1,1
4289,P7RGcAOZZ3,0,0,1,1
4290,P7RGcAOZZ3,0,0,1,1
4291,P7RGcAOZZ3,1,0,1,0
4292,P9LofJB8fs,0,4,1,1
4293,P9LofJB8fs,5,0,0,1
4294,P9LofJB8fs,5,0,0,1
4295,P9LofJB8fs,5,0,0,1
4296,P9LofJB8fs,5,0,0,1
4297,P9LofJB8fs,5,0,0,1
4300,PFpbi7pceh,1,0,2,0
4303,PFpbi7pceh,1,0,2,0
4304,PFpbi7pceh,1,0,1,1
4305,PFpbi7pceh,1,0,2,0
4306,PFpbi7pceh,1,0,2,0
4314,PN8EiOzMuT,1,0,1,0
4315,PN8EiOzMuT,0,0,2,0
4316,PN8EiOzMuT,2,0,0,0
4317,PN8EiOzMuT,2,0,0,0
4318,PN8EiOzMuT,1,0,1,0
4319,PN8EiOzMuT,1,0,0,1
4330,PUIivg3GrO,3,0,0,1
4331,PUIivg3GrO,1,0,2,1
4332,PUIivg3GrO,1,1,1,1
4333,PUIivg3GrO,0,1,1,2
4334,PUIivg3GrO,0,2,1,1
4336,PVaFEuNnsD,2,6,1,0
4338,PVaFEuNnsD,8,0,1,0
4340,PVaFEuNnsD,8,0,1,0
4341,PVaFEuNnsD,6,2,1,0
4342,PVaFEuNnsD,2,4,2,1
4343,PVaFEuNnsD,6,1,1,1
4349,Peim0KY6ty,11,0,1,1
4350,Peim0KY6ty,12,0,0,1
4351,Peim0KY6ty,10,0,1,2
4352,Peim0KY6ty,10,0,1,2
4353,Peim0KY6ty,10,0,2,1
4354,Peim0KY6ty,12,0,1,0
4355,Pf2erYy0yY,1,0,0,1
4356,Pf2erYy0yY,1,0,0,1
4357,Pf2erYy0yY,1,0,0,1
4358,PfarHkQG8e,0,0,0,3
4359,PfarHkQG8e,0,0,2,1
4360,Ph2BaszK9w,3,0,0,0
4361,Ph2BaszK9w,0,0,1,2
4362,Ph2BaszK9w,0,0,1,2
4363,Ph2BaszK9w,3,0,0,0
4364,Ph2BaszK9w,1,0,0,2
4373,Pmsc4yytlf,0,1,1,2
4374,Pmsc4yytlf,0,0,2,2
4375,Pmsc4yytlf,0,0,1,3
4376,Pmsc4yytlf,0,0,0,4
4377,Pmsc4yytlf,1,0,0,3
4378,PoRigyDOcC,0,0,4,0
4379,PoRigyDOcC,0,0,0,4
4380,PoRigyDOcC,0,0,2,2
4381,PoRigyDOcC,0,0,2,2
4382,PoRigyDOcC,0,0,4,0
4383,PoRigyDOcC,0,0,1,3
4391,Pv5FwOtf8a,2,0,1,0
4392,Pv5FwOtf8a,2,0,0,1
4396,Q15yX0AZdr,3,0,3,3
4397,Q15yX0AZdr,2,0,3,4
4398,Q15yX0AZdr,3,0,1,5
4399,Q15yX0AZdr,3,0,3,3
4400,Q15yX0AZdr,4,0,2,3
4412,Q7lEZjtDKO,1,0,0,1
4413,Q7lEZjtDKO,0,0,1,1
4414,Q7lEZjtDKO,1,0,0,1
4415,Q7lEZjtDKO,1,0,0,1
4416,Q7lEZjtDKO,1,0,0,1
4429,QE2GA6OIC8,0,0,1,1
4430,QE2GA6OIC8,0,0,1,1
4431,QE2GA6OIC8,0,0,1,1
4443,QIBu6vtRMI,2,0,0,2
4444,QIBu6vtRMI,2,0,0,0
4445,QIBu6vtRMI,2,0,0,2
4446,QIBu6vtRMI,2,0,0,0
4447,QIBu6vtRMI,3,0,0,1
4448,QIBu6vtRMI,2,0,1,1
4449,QIBu6vtRMI,3,0,0,1
4450,QIBu6vtRMI,2,0,0,0
4451,QItZDBVCT0,8,0,1,2
4452,QItZDBVCT0,7,0,2,2
4453,QItZDBVCT0,7,0,2,2
4454,QItZDBVCT0,7,0,1,3
4455,QItZDBVCT0,7,0,1,3
4467,QO82qIzEsP,3,0,0,1
4468,QO82qIzEsP,2,0,1,1
4469,QO82qIzEsP,0,0,2,2
4470,QO82qIzEsP,3,0,0,1
4471,QO82qIzEsP,3,0,0,1
4472,QO82qIzEsP,3,0,0,1
4474,QRtzkKrbJi,7,0,0,0
4475,QRtzkKrbJi,0,4,1,2
4476,QRtzkKrbJi,6,1,0,0
4477,QRtzkKrbJi,7,0,0,0
4478,QRtzkKrbJi,2,5,0,0
4479,QRtzkKrbJi,5,1,1,0
4480,QS0ZROPx8u,0,0,0,2
4481,QS0ZROPx8u,0,0,0,2
4482,QS0ZROPx8u,0,0,0,2
4483,QYA0Q28ssf,5,0,0,1
4484,QYA0Q28ssf,5,0,0,1
4485,QYA0Q28ssf,0,0,1,5
4486,QYA0Q28ssf,5,0,0,1
4487,QYA0Q28ssf,3,1,0,2
4488,QYA0Q28ssf,3,1,0,2
4489,QYpByrxSTg,2,0,1,2
4490,QYpByrxSTg,1,1,2,1
4491,QYpByrxSTg,0,2,2,1
4492,QYpByrxSTg,1,0,2,2
4493,QYpByrxSTg,1,0,3,1
4494,QZO3oby12w,1,0,1,0
4495,QZO3oby12w,1,0,0,1
4496,QZO3oby12w,0,0,2,0
4497,QZO3oby12w,1,0,1,0
4498,QZO3oby12w,0,1,1,0
4505,QZlNaWuxO6,0,0,1,1
4506,QZlNaWuxO6,0,0,1,1
4507,QZlNaWuxO6,0,0,2,0
4508,QZlNaWuxO6,0,0,1,1
4509,QZlNaWuxO6,0,0,1,1
4510,QZlNaWuxO6,0,0,1,1
4511,QaHFVheV8X,6,0,2,1
4512,QaHFVheV8X,5,0,2,2
4513,QaHFVheV8X,6,0,2,1
4514,QaHFVheV8X,4,0,1,4
4515,QaHFVheV8X,6,0,3,0
4516,Qbe2cfNfn1,0,0,1,1
4517,Qbe2cfNfn1,0,0,1,1
4518,Qbe2cfNfn1,0,0,2,0
4519,Qbe2cfNfn1,1,0,1,0
4520,Qbe2cfNfn1,1,0,1,0
4521,QdDli9UoLK,1,0,3,0
4522,QdDli9UoLK,0,0,2,2
4523,QdDli9UoLK,0,3,0,1
4524,QdDli9UoLK,1,2,0,1
4525,QdDli9UoLK,3,0,0,1
4526,QdDli9UoLK,0,0,4,0
4533,QgoRoKIEEr,1,0,0,1
4534,QgoRoKIEEr,1,1,0,0
4535,QgoRoKIEEr,0,0,2,0
4536,QgoRoKIEEr,0,1,0,1
4537,QgoRoKIEEr,1,0,0,1
4538,QgoRoKIEEr,2,0,0,0
4556,Qn2HcnC4l2,0,0,1,2
4557,Qn2HcnC4l2,0,1,2,0
4558,Qn2HcnC4l2,0,0,2,1
4559,Qn2HcnC4l2,0,1,2,0
4560,Qn2HcnC4l2,0,0,1,2
4561,Qo7ENqEdq9,0,0,1,1
4562,Qo7ENqEdq9,0,0,1,1
4563,Qo7ENqEdq9,0,0,1,1
4564,QoInle2UdN,6,0,0,3
4565,QoInle2UdN,6,0,0,3
4566,QoInle2UdN,6,0,0,3
4567,QoInle2UdN,6,0,0,3
4568,QoInle2UdN,6,0,0,3
4569,QoInle2UdN,5,0,0,4
4572,QrC8OgQyOI,0,0,2,0
4573,QrC8OgQyOI,1,0,1,0
4574,QrC8OgQyOI,0,0,1,1
4575,QrC8OgQyOI,1,0,1,0
4576,QrC8OgQyOI,0,0,1,1
4577,QrC8OgQyOI,1,0,1,0
4578,QsxpsAu7l1,1,0,1,0
4579,QsxpsAu7l1,1,0,1,0
4580,QsxpsAu7l1,1,0,1,0
4592,R4W0oOjCKG,7,0,0,1
4593,R4W0oOjCKG,7,0,0,1
4594,R4W0oOjCKG,7,0,0,1
4618,RAkOcnP4Uz,3,0,0,2
4619,RAkOcnP4Uz,1,0,0,4
4620,RAkOcnP4Uz,1,0,0,4
4621,RAkOcnP4Uz,0,0,1,4
4622,RAkOcnP4Uz,1,0,0,4
4623,RAkOcnP4Uz,2,2,0,1
4629,RG7maF4bGu,5,0,15,3
4630,RG7maF4bGu,2,0,0,0
4631,RG7maF4bGu,12,0,10,1
4632,RG7maF4bGu,20,0,2,1
4633,RG7maF4bGu,2,0,0,0
4634,RG7maF4bGu,21,0,2,0
4635,RG7maF4bGu,8,1,13,1
4636,RG7maF4bGu,2,0,0,0
4637,RKHDV40omz,5,0,0,0
4638,RKHDV40omz,5,0,0,0
4639,RKHDV40omz,5,0,0,0
4640,RKHDV40omz,5,0,0,0
4641,RKHDV40omz,5,0,0,0
4642,RKVsEuwbJ0,3,0,0,1
4643,RKVsEuwbJ0,4,0,0,0
4644,RKVsEuwbJ0,3,0,0,1
4645,RKVsEuwbJ0,3,0,0,1
4646,RKVsEuwbJ0,1,3,0,0
4662,ROFqW86Dca,0,0,2,0
4663,ROFqW86Dca,1,0,1,0
4664,ROFqW86Dca,0,0,2,0
4665,ROFqW86Dca,0,0,2,0
4666,ROFqW86Dca,0,0,2,0
4667,ROFqW86Dca,0,0,1,1
4686,RZ7UHTHmfn,1,2,0,0
4687,RZ7UHTHmfn,1,0,0,2
4688,RZ7UHTHmfn,0,2,1,0
4689,RZ7UHTHmfn,1,0,1,1
4690,RZ7UHTHmfn,0,1,0,2
4691,RZ7UHTHmfn,1,0,0,2
4692,RaJnDY8aAS,2,0,1,2
4693,RaJnDY8aAS,3,0,0,2
4694,RaJnDY8aAS,3,0,0,2
4695,RaJnDY8aAS,3,0,0,2
4696,RaJnDY8aAS,2,0,0,3
4703,RdBsmhb9U7,0,1,1,0
4704,RdBsmhb9U7,2,0,0,0
4705,RdBsmhb9U7,0,1,1,0
4706,RdBsmhb9U7,2,0,0,0
4707,RdBsmhb9U7,0,0,2,0
4713,RgnoWsmYBM,14,0,1,0
4714,RgnoWsmYBM,14,0,1,0
4715,RgnoWsmYBM,13,0,2,0
4716,RgnoWsmYBM,14,0,1,0
4717,RgnoWsmYBM,14,0,1,0
4718,RgnoWsmYBM,13,0,2,0
4721,Rl2uQlCoQX,2,0,0,0
4724,Rl2uQlCoQX,0,0,2,0
4725,Rl2uQlCoQX,0,0,1,1
4726,Rl2uQlCoQX,0,0,2,0
4727,Rl2uQlCoQX,0,0,2,0
4733,RlEPV6ec7P,1,0,0,1
4734,RlEPV6ec7P,0,0,1,1
4735,RlEPV6ec7P,1,0,0,1
4736,RlEPV6ec7P,1,0,0,1
4737,RlEPV6ec7P,0,0,0,2
4759,RwiGcN2feP,9,0,1,2
4760,RwiGcN2feP,8,1,1,2
4761,RwiGcN2feP,11,0,1,0
4762,RwiGcN2feP,11,0,1,0
4763,RwiGcN2feP,11,0,1,0
4764,RwiGcN2feP,11,0,1,0
4775,RzgNmKi5Hw,0,0,2,0
4776,RzgNmKi5Hw,0,0,2,0
4777,RzgNmKi5Hw,0,0,2,0
4778,RzgNmKi5Hw,0,0,2,0
4779,RzgNmKi5Hw,0,0,2,0
4780,RzgNmKi5Hw,0,0,2,0
4794,S1TwW9szYm,4,0,0,1
4795,S1TwW9szYm,4,0,0,1
4796,S1TwW9szYm,0,0,4,1
4797,S1TwW9szYm,3,0,0,2
4798,S1TwW9szYm,2,0,0,3
4818,S8XPQrBX5y,0,0,2,0
4819,S8XPQrBX5y,0,0,2,0
4820,S8XPQrBX5y,0,0,2,0
4821,S8XPQrBX5y,0,0,2,0
4822,S8XPQrBX5y,0,0,2,0
4823,S8XPQrBX5y,0,0,2,0
4824,S9G3yu6vHl,0,0,2,0
4825,S9G3yu6vHl,1,0,1,0
4826,S9G3yu6vHl,0,0,2,0
4827,S9G3yu6vHl,0,0,2,0
4828,S9G3yu6vHl,1,0,1,0
4829,S9G3yu6vHl,2,0,0,0
4830,SBfIuo2Ets,4,1,0,2
4831,SBfIuo2Ets,7,0,0,0
4832,SBfIuo2Ets,7,0,0,0
4833,SBfIuo2Ets,4,0,0,3
4834,SBfIuo2Ets,4,0,1,2
4835,SBfIuo2Ets,6,0,0,1
4836,SCtGXNtk7Q,2,0,0,0
4837,SCtGXNtk7Q,0,0,0,2
4838,SCtGXNtk7Q,0,0,2,0
4839,SCtGXNtk7Q,0,0,2,0
4840,SCtGXNtk7Q,0,0,2,0
4841,SCtGXNtk7Q,0,0,2,0
4842,SDyesowNUa,1,0,1,1
4843,SDyesowNUa,1,0,2,0
4844,SDyesowNUa,1,0,1,1
4845,SDyesowNUa,1,0,2,0
4846,SDyesowNUa,0,0,3,0
4849,SFiwuSvDhs,0,0,2,0
4850,SFiwuSvDhs,0,0,1,1
4851,SFiwuSvDhs,0,0,2,0
4852,SFiwuSvDhs,0,0,2,0
4853,SFiwuSvDhs,0,0,2,0
4854,SFiwuSvDhs,0,0,2,0
4855,SGTLVjx3MN,9,0,1,2
4858,SGTLVjx3MN,10,0,1,1
4859,SGTLVjx3MN,9,0,1,2
4860,SGTLVjx3MN,5,1,2,4
4861,SGTLVjx3MN,10,0,0,2
4862,SGTLVjx3MN,9,1,0,2
4869,SKH7vcWZSv,2,0,0,1
4870,SKH7vcWZSv,2,0,1,0
4871,SKH7vcWZSv,2,0,1,0
4872,SKH7vcWZSv,2,0,0,1
4873,SKH7vcWZSv,2,0,0,1
4901,STcIzNrUBB,3,0,0,0
4902,STcIzNrUBB,3,0,0,0
4903,STcIzNrUBB,3,0,0,0
4904,STcIzNrUBB,3,0,0,0
4905,STcIzNrUBB,3,0,0,0
4911,SXOqLX0T6X,1,0,2,0
4912,SXOqLX0T6X,0,0,3,0
4913,SXOqLX0T6X,2,0,1,0
4914,SXOqLX0T6X,0,0,2,1
4915,SXOqLX0T6X,1,0,1,1
4916,SXOqLX0T6X,0,0,3,0
4926,SbSFZ9N6DN,0,0,0,2
4927,SbSFZ9N6DN,0,0,0,2
4944,Sh3rKEAxlW,0,0,2,1
4945,Sh3rKEAxlW,0,0,1,2
4946,Sh3rKEAxlW,0,0,2,1
4947,Sh3rKEAxlW,0,0,1,2
4948,Sh3rKEAxlW,0,0,2,1
4949,Sh3rKEAxlW,1,0,1,1
4968,SldP4LGjdz,0,0,2,0
4969,SldP4LGjdz,0,0,0,2
4970,SldP4LGjdz,2,0,0,0
4972,SldP4LGjdz,0,0,0,2
4974,SldP4LGjdz,2,0,0,0
4975,SldP4LGjdz,2,0,0,0
5012,T4A2aYyaq9,0,0,2,0
5013,T4A2aYyaq9,0,0,2,0
5014,T4A2aYyaq9,0,0,1,1
5015,T4A2aYyaq9,0,0,2,0
5016,T4A2aYyaq9,0,0,1,1
5017,T4A2aYyaq9,0,0,1,1
5018,T4Ibp5vLpE,0,1,1,0
5019,T4Ibp5vLpE,2,0,0,0
5020,T4Ibp5vLpE,0,0,1,1
5021,T4Ibp5vLpE,0,0,2,0
5022,T4Ibp5vLpE,0,2,0,0
5023,T7y2wavrFM,0,0,3,1
5024,T7y2wavrFM,0,0,3,1
5025,T7y2wavrFM,0,0,0,4
5026,T7y2wavrFM,0,0,4,0
5027,T7y2wavrFM,0,0,4,0
5028,TA3NDHgNJh,0,0,1,1
5029,TA3NDHgNJh,0,0,1,1
5030,TA3NDHgNJh,1,1,0,0
5031,TA3NDHgNJh,2,0,0,0
5032,TA3NDHgNJh,0,1,0,1
5033,TAqejOfEAJ,0,0,1,1
5034,TAqejOfEAJ,1,0,1,0
5035,TAqejOfEAJ,1,0,1,0
5036,TBSyYj4VV6,0,5,4,1
5037,TBSyYj4VV6,0,5,4,1
5038,TBSyYj4VV6,0,5,4,1
5039,TBSyYj4VV6,0,5,4,1
5040,TBSyYj4VV6,0,6,3,1
5041,TBSyYj4VV6,0,6,3,1
5042,TBaUfO9znF,2,0,2,1
5043,TBaUfO9znF,2,0,2,1
5044,TBaUfO9znF,0,2,1,2
5045,TBaUfO9znF,2,0,1,2
5046,TBaUfO9znF,3,0,1,1
5047,TBaUfO9znF,2,0,1,2
5048,TCFtA9CI3U,0,0,1,1
5049,TCFtA9CI3U,0,0,1,1
5050,TCFtA9CI3U,0,0,2,0
5051,TCFtA9CI3U,0,0,1,1
5052,TCFtA9CI3U,0,0,2,0
5053,TDaVoBfTjY,2,0,0,0
5054,TDaVoBfTjY,0,0,0,2
5055,TDaVoBfTjY,1,0,0,1
5056,TDaVoBfTjY,1,0,0,1
5057,TDaVoBfTjY,2,0,0,0
5058,TDaVoBfTjY,1,0,0,1
5072,TJshRZDdyW,3,0,0,0
5073,TJshRZDdyW,3,0,0,0
5074,TJshRZDdyW,0,3,0,0
5075,TJshRZDdyW,3,0,0,0
5076,TJshRZDdyW,3,0,0,0
5077,TJshRZDdyW,3,0,0,0
5112,TZvHUmClPP,1,0,0,1
5113,TZvHUmClPP,1,0,0,1
5114,TZvHUmClPP,0,0,2,0
5115,TZvHUmClPP,0,0,0,2
5116,TZvHUmClPP,2,0,0,0
5117,TZvHUmClPP,2,0,0,0
5131,TgohCXoblV,0,0,3,2
5133,TgohCXoblV,1,0,2,2
5136,TgohCXoblV,0,0,3,2
5137,TgohCXoblV,1,0,2,2
5138,TgohCXoblV,1,0,2,2
5150,TnquAvyTtL,8,0,2,1
5151,TnquAvyTtL,8,0,2,1
5152,TnquAvyTtL,7,0,3,1
5153,TnquAvyTtL,6,0,3,2
5154,TnquAvyTtL,8,0,2,1
5155,TnquAvyTtL,7,0,2,2
5163,TxHOT32Maj,0,0,1,1
5164,TxHOT32Maj,0,0,1,1
5165,TxHOT32Maj,0,0,2,0
5166,TxHOT32Maj,0,1,1,0
5167,Tyv61ZKb9s,0,0,1,1
5168,Tyv61ZKb9s,0,0,2,0
5169,Tyv61ZKb9s,0,0,1,1
5170,Tyv61ZKb9s,0,0,2,0
5171,Tyv61ZKb9s,0,0,2,0
5172,Tyv61ZKb9s,0,0,2,0
5183,TzQElzflxR,2,8,3,3
5184,TzQElzflxR,11,0,0,5
5185,TzQElzflxR,7,0,2,7
5186,TzQElzflxR,15,0,1,0
5187,TzQElzflxR,6,9,1,0
5188,TzQElzflxR,15,0,1,0
5189,U1bxeLQLaK,1,0,0,1
5190,U1bxeLQLaK,1,0,0,1
5191,U1bxeLQLaK,8,1,4,0
5192,U1bxeLQLaK,1,0,1,0
5193,U1bxeLQLaK,10,0,2,1
5194,U1bxeLQLaK,6,2,5,0
5195,U1bxeLQLaK,8,0,4,1
5196,U1bxeLQLaK,11,0,1,1
5198,U1yt3NN0mC,0,0,1,2
5200,U1yt3NN0mC,0,0,2,1
5201,U1yt3NN0mC,0,0,2,1
5202,U1yt3NN0mC,0,0,1,2
5203,U1yt3NN0mC,0,0,1,2
5204,U1yt3NN0mC,0,0,1,2
5217,UCAda9kS57,0,0,2,0
5218,UCAda9kS57,2,0,0,0
5219,UCAda9kS57,2,0,0,0
5220,UCAda9kS57,0,0,2,0
5221,UCAda9kS57,2,0,0,0
5222,UCAda9kS57,0,0,2,0
5229,UEeBGrOGa8,1,0,1,1
5230,UEeBGrOGa8,0,0,3,0
5231,UEeBGrOGa8,0,0,3,0
5232,UEeBGrOGa8,0,0,3,0
5233,UEeBGrOGa8,2,0,1,0
5234,UEeBGrOGa8,2,0,1,0
5243,UGAP2F6FfV,0,0,2,0
5244,UGAP2F6FfV,0,0,2,0
5245,UGAP2F6FfV,0,0,2,0
5246,UGAP2F6FfV,0,0,2,0
5247,UGAP2F6FfV,0,0,1,1
5251,UHQDfvZBFi,8,0,1,0
5252,UHQDfvZBFi,7,0,1,1
5253,UHQDfvZBFi,8,0,0,1
5254,UHQDfvZBFi,8,0,1,0
5255,UHQDfvZBFi,8,0,0,1
5256,UHuu4jgy2u,1,0,0,1
5257,UHuu4jgy2u,1,0,1,0
5258,UHuu4jgy2u,0,0,0,2
5259,UHuu4jgy2u,0,0,1,1
5265,UNvRSrguIW,0,0,2,0
5266,UNvRSrguIW,0,0,2,0
5267,UOpsG95XqH,0,0,2,0
5268,UOpsG95XqH,1,0,1,0
5269,UOpsG95XqH,1,0,1,0
5270,UOpsG95XqH,0,0,2,0
5297,UTiEfkfNQ2,7,0,7,0
5298,UTiEfkfNQ2,8,1,2,3
5299,UTiEfkfNQ2,11,0,2,1
5300,UTiEfkfNQ2,11,0,2,1
5301,UTiEfkfNQ2,8,0,5,1
5302,UWwmMJjlCb,0,0,1,1
5303,UWwmMJjlCb,0,0,1,1
5304,UWwmMJjlCb,0,0,1,1
5305,UWwmMJjlCb,0,0,1,1
5306,UWwmMJjlCb,0,0,1,1
5307,UWwmMJjlCb,0,0,1,1
5309,UXzfLdXrBJ,8,0,5,1
5310,UXzfLdXrBJ,2,3,3,6
5311,UXzfLdXrBJ,5,3,5,1
5313,UXzfLdXrBJ,9,0,2,3
5315,UXzfLdXrBJ,6,2,3,3
5316,UXzfLdXrBJ,4,4,3,3
5322,UbzajT84Nd,1,0,1,0
5324,UbzajT84Nd,1,0,1,0
5326,UbzajT84Nd,0,0,2,0
5328,UbzajT84Nd,0,0,2,0
5329,UbzajT84Nd,1,0,1,0
5330,UbzajT84Nd,0,0,2,0
5338,UcnpfSsXtu,0,0,2,0
5339,UcnpfSsXtu,0,0,2,0
5340,UcnpfSsXtu,0,0,2,0
5350,UflglraWRa,2,0,1,0
5351,UflglraWRa,3,0,0,0
5352,UflglraWRa,3,0,0,0
5353,UflglraWRa,3,0,0,0
5354,UflglraWRa,3,0,0,0
5355,UgPfadSsaA,1,0,0,2
5356,UgPfadSsaA,1,0,0,2
5357,UgPfadSsaA,1,0,0,2
5358,UgPfadSsaA,1,0,0,2
5362,UlFOINq6SY,1,1,1,1
5363,UlFOINq6SY,0,0,2,2
5364,UlFOINq6SY,0,0,2,2
5365,UlFOINq6SY,2,0,1,1
5366,UlFOINq6SY,1,0,2,1
5367,UlFOINq6SY,1,0,2,1
5369,UmlXZ4t44h,0,0,2,0
5370,UmlXZ4t44h,0,0,2,0
5371,UmlXZ4t44h,0,0,2,0
5372,UmlXZ4t44h,0,0,0,2
5373,UmlXZ4t44h,0,0,2,0
5390,UstfBHsp6p,0,0,2,0
5391,UstfBHsp6p,0,0,2,0
5392,UstfBHsp6p,0,0,1,1
5393,UstfBHsp6p,0,0,1,1
5394,UstfBHsp6p,0,0,1,1
5395,UuH4mmAGPJ,1,4,1,0
5396,UuH4mmAGPJ,5,0,1,0
5397,UuH4mmAGPJ,5,0,1,0
5398,V0eGsz18uZ,0,0,1,1
5399,V0eGsz18uZ,2,0,0,0
5400,V0eGsz18uZ,0,0,1,1
5401,V0eGsz18uZ,0,0,2,0
5402,V0eGsz18uZ,1,0,1,0
5403,V0eGsz18uZ,2,0,0,0
5406,VAXW59dyfk,0,0,2,1
5407,VAXW59dyfk,1,0,0,2
5408,VAXW59dyfk,1,0,0,2
5409,VAXW59dyfk,1,0,1,1
5434,VI8rCF97FK,0,0,2,1
5435,VI8rCF97FK,0,1,1,1
5436,VI8rCF97FK,0,0,3,0
5437,VI8rCF97FK,0,0,1,2
5438,VI8rCF97FK,0,0,3,0
5439,VI8rCF97FK,2,0,1,0
5440,VLWuEuQkCF,0,1,1,1
5441,VLWuEuQkCF,2,0,0,1
5452,VQt4w3lElX,9,0,2,4
5453,VQt4w3lElX,2,3,9,1
5454,VQt4w3lElX,9,1,2,3
5455,VQt4w3lElX,9,2,2,2
5456,VQt4w3lElX,7,3,2,3
5457,VQt4w3lElX,8,0,5,2
5458,VX8H2713oA,8,0,1,0
5459,VX8H2713oA,7,0,2,0
5460,VX8H2713oA,5,1,3,0
5461,VX8H2713oA,7,0,2,0
5462,VX8H2713oA,9,0,0,0
5467,Vhesstbfg6,4,0,0,2
5468,Vhesstbfg6,1,0,2,3
5469,Vhesstbfg6,1,0,2,3
5470,Vhesstbfg6,4,0,0,2
5471,Vhesstbfg6,2,0,2,2
5480,VnA5q5jXVz,6,0,5,1
5481,VnA5q5jXVz,2,0,0,0
5482,VnA5q5jXVz,11,0,1,0
5483,VnA5q5jXVz,2,0,0,0
5484,VnA5q5jXVz,10,0,2,0
5485,VnA5q5jXVz,2,0,0,0
5486,VnA5q5jXVz,11,0,1,0
5487,VnA5q5jXVz,2,1,6,3
5491,Vr0kjNERRf,2,0,0,0
5492,Vr0kjNERRf,0,0,2,0
5493,Vr0kjNERRf,0,0,2,0
5494,Vr0kjNERRf,0,0,0,2
5495,Vr0kjNERRf,1,1,0,0
5509,Vt0tmqhfDM,0,0,1,1
5510,Vt0tmqhfDM,0,0,2,0
5511,Vt0tmqhfDM,0,0,0,2
5512,Vt0tmqhfDM,0,0,2,0
5513,Vt0tmqhfDM,0,0,1,1
5517,Vt0tmqhfDM,0,0,2,0
5518,Vv4XRZDMM0,2,1,1,2
5519,Vv4XRZDMM0,2,0,2,2
5520,Vv4XRZDMM0,0,0,4,2
5521,Vv4XRZDMM0,6,0,0,0
5522,Vv4XRZDMM0,5,0,0,1
5523,Vv4XRZDMM0,3,1,1,1
5524,VzIA4MASxK,1,0,1,0
5525,VzIA4MASxK,1,0,1,0
5526,VzIA4MASxK,1,0,1,0
5527,VzIA4MASxK,0,0,1,1
5528,VzIA4MASxK,0,0,1,1
5529,VzIA4MASxK,1,0,1,0
5543,W34UyCRQel,0,0,1,1
5544,W34UyCRQel,0,0,1,1
5558,WArbqRUsAe,0,3,0,0
5559,WArbqRUsAe,0,3,0,0
5560,WArbqRUsAe,3,0,0,0
5561,WArbqRUsAe,3,0,0,0
5562,WArbqRUsAe,0,3,0,0
5563,WArbqRUsAe,0,3,0,0
5569,WNqIX3IFZU,3,0,0,1
5570,WNqIX3IFZU,2,0,0,2
5577,WPFVuJDDqc,0,0,1,1
5578,WPFVuJDDqc,0,0,2,0
5579,WPFVuJDDqc,0,0,1,1
5580,WPFVuJDDqc,1,0,1,0
5581,WPFVuJDDqc,1,0,1,0
5582,WPFVuJDDqc,1,0,1,0
5599,WUBn9uJuvj,0,0,0,3
5600,WUBn9uJuvj,0,0,0,3
5602,WUBn9uJuvj,0,0,3,0
5603,WUBn9uJuvj,0,0,0,3
5604,WUBn9uJuvj,0,0,1,2
5605,WUBn9uJuvj,0,0,1,2
5608,WUK8JIeetF,2,0,2,0
5611,WUK8JIeetF,2,0,2,0
5614,WUjk3RVZyV,0,0,2,1
5615,WUjk3RVZyV,0,0,2,1
5616,WUjk3RVZyV,0,0,3,0
5617,WUjk3RVZyV,0,0,3,0
5618,WUjk3RVZyV,0,0,3,0
5620,WUjk3RVZyV,2,0,1,0
5632,WcsBsGO6SW,1,0,1,0
5633,WcsBsGO6SW,0,0,1,1
5634,WcsBsGO6SW,0,0,2,0
5635,WcsBsGO6SW,0,0,2,0
5636,WcsBsGO6SW,0,0,1,1
5637,WcsBsGO6SW,0,0,1,1
5638,WepBmd1L4v,1,0,0,1
5639,WepBmd1L4v,1,0,0,1
5640,WepBmd1L4v,1,0,0,1
5641,WepBmd1L4v,1,0,0,1
5642,Wfe1iJocjF,4,0,0,0
5643,Wfe1iJocjF,0,0,4,0
5644,Wfe1iJocjF,4,0,0,0
5645,Wfe1iJocjF,0,0,2,2
5646,Wfe1iJocjF,0,0,3,1
5647,Wfe1iJocjF,1,0,1,2
5648,WgrRyHYbo5,0,0,1,2
5649,WgrRyHYbo5,1,0,1,1
5650,WgrRyHYbo5,0,0,1,2
5651,WlCYSqjnqS,2,0,0,0
5652,WlCYSqjnqS,0,0,2,0
5653,WlCYSqjnqS,0,0,0,2
5654,WlCYSqjnqS,2,0,0,0
5655,WlCYSqjnqS,2,0,0,0
5667,Wph27Qttp5,2,0,0,1
5668,Wph27Qttp5,2,0,0,1
5669,Wph27Qttp5,1,1,0,1
5670,Wph27Qttp5,2,0,0,1
5671,Wph27Qttp5,2,0,0,1
5672,Ws8swqL5ob,0,0,1,1
5673,Ws8swqL5ob,0,0,1,1
5674,Ws8swqL5ob,0,0,1,1
5675,Ws8swqL5ob,0,0,1,1
5676,Ws8swqL5ob,0,0,1,1
5680,WtgQOtmw9N,0,0,1,2
5681,WtgQOtmw9N,0,0,1,2
5682,WtgQOtmw9N,0,0,1,2
5683,WtgQOtmw9N,1,0,2,0
5684,WtgQOtmw9N,0,0,1,2
5702,Wxqr2fkZmX,0,0,2,0
5703,Wxqr2fkZmX,2,0,0,0
5704,Wxqr2fkZmX,0,0,0,2
5732,X6i0PB7aJQ,3,0,1,0
5733,X6i0PB7aJQ,3,0,1,0
5734,X6i0PB7aJQ,0,1,3,0
5735,X6i0PB7aJQ,3,0,1,0
5736,X6i0PB7aJQ,3,0,1,0
5737,X8evkEdMxb,7,0,0,6
5738,X8evkEdMxb,9,0,1,3
5739,X8evkEdMxb,3,5,0,5
5740,X8evkEdMxb,6,0,2,5
5741,X8evkEdMxb,4,3,0,6
5742,X8evkEdMxb,8,0,0,5
5743,X8jXqDDaOT,0,0,1,1
5744,X8jXqDDaOT,0,0,0,2
5745,X8jXqDDaOT,0,0,1,1
5746,X8jXqDDaOT,0,0,0,2
5747,X8jXqDDaOT,0,0,0,2
5748,X9VtjdBlQw,2,0,1,0
5749,X9VtjdBlQw,2,0,1,0
5750,X9VtjdBlQw,2,0,1,0
5751,X9VtjdBlQw,3,0,0,0
5752,X9VtjdBlQw,2,0,1,0
5768,XEbD5cYpgV,6,0,0,1
5769,XEbD5cYpgV,5,0,1,1
5770,XEbD5cYpgV,3,0,2,2
5771,XEbD5cYpgV,4,0,1,2
5772,XEbD5cYpgV,4,0,1,2
5778,XFTTezxLdU,0,0,1,1
5779,XFTTezxLdU,0,0,1,1
5780,XFTTezxLdU,0,0,1,1
5781,XFTTezxLdU,0,0,1,1
5782,XFTTezxLdU,0,0,1,1
5788,XGxBnVqK63,0,0,2,0
5789,XGxBnVqK63,0,0,1,1
5790,XGxBnVqK63,0,0,1,1
5791,XGxBnVqK63,0,0,1,1
5792,XGxBnVqK63,0,0,1,1
5793,XGxBnVqK63,0,0,1,1
5794,XHP568OuIl,0,0,2,0
5795,XHP568OuIl,0,0,2,0
5796,XHP568OuIl,1,0,1,0
5797,XHP568OuIl,0,0,2,0
5798,XHP568OuIl,0,0,2,0
5799,XHP568OuIl,0,0,2,0
5820,XNXU8BJRT7,2,0,0,1
5821,XNXU8BJRT7,2,0,0,1
5822,XNXU8BJRT7,1,0,0,1
5823,XNXU8BJRT7,1,0,0,1
5824,XNXU8BJRT7,1,0,0,1
5825,XNXU8BJRT7,1,0,1,1
5826,XNXU8BJRT7,2,0,0,1
5827,XNXU8BJRT7,2,0,0,1
5834,XQlUqVCHJd,2,0,1,2
5835,XQlUqVCHJd,0,0,4,1
5836,XQlUqVCHJd,2,0,3,0
5837,XQlUqVCHJd,5,0,0,0
5838,XQlUqVCHJd,5,0,0,0
5839,XQlUqVCHJd,3,0,1,1
5840,XSpBSHzJAg,4,3,7,3
5841,XSpBSHzJAg,16,0,0,1
5842,XSpBSHzJAg,12,0,3,2
5843,XSpBSHzJAg,11,0,3,3
5844,XSpBSHzJAg,11,0,3,3
5845,XSpBSHzJAg,4,9,1,3
5846,XXYhEGXPPF,8,2,2,0
5847,XXYhEGXPPF,7,1,4,0
5848,XXYhEGXPPF,8,0,3,1
5849,XXYhEGXPPF,10,0,2,0
5850,XXYhEGXPPF,10,0,2,0
5861,XarOZG8Un0,9,0,2,0
5862,XarOZG8Un0,8,0,3,0
5863,XarOZG8Un0,9,0,2,0
5864,XarOZG8Un0,7,0,3,1
5865,XarOZG8Un0,7,0,3,1
5866,Xf9hJMGwDd,8,1,3,0
5867,Xf9hJMGwDd,11,0,1,0
5868,Xf9hJMGwDd,10,0,0,2
5869,Xf9hJMGwDd,9,0,1,2
5870,Xf9hJMGwDd,12,0,0,0
5871,Xf9hJMGwDd,10,0,2,0
5872,XfndtVLIub,4,0,0,2
5873,XfndtVLIub,5,0,0,1
5874,XfndtVLIub,4,0,0,2
5875,XfndtVLIub,1,3,0,2
5876,XfndtVLIub,6,0,0,0
5877,XfndtVLIub,6,0,0,0
5878,Xg12D1Y4H1,2,0,0,0
5879,Xg12D1Y4H1,1,0,0,1
5880,Xg12D1Y4H1,0,2,0,0
5882,Xg12D1Y4H1,2,0,0,0
5883,Xg12D1Y4H1,1,1,0,0
5884,Xg12D1Y4H1,2,0,0,0
5886,XiD5RhcEDK,7,0,1,0
5887,XiD5RhcEDK,8,0,0,0
5888,XiD5RhcEDK,8,0,0,0
5892,XiD5RhcEDK,7,0,0,1
5893,XiD5RhcEDK,7,0,0,1
5894,XjSd2CtV20,1,0,2,5
5895,XjSd2CtV20,0,0,3,5
5896,XjSd2CtV20,7,0,0,1
5897,XjSd2CtV20,3,0,2,3
5898,XjSd2CtV20,5,0,1,2
5899,XjSd2CtV20,8,0,0,0
5912,Xn8kmKvO9g,0,0,2,0
5913,Xn8kmKvO9g,0,1,1,0
5914,Xn8kmKvO9g,0,1,1,0
5915,Xn8kmKvO9g,0,1,1,0
5916,Xn8kmKvO9g,0,0,2,0
5917,XoONWh8fbL,9,0,2,1
5918,XoONWh8fbL,9,0,3,0
5919,XoONWh8fbL,0,9,0,3
5920,XoONWh8fbL,10,0,2,0
5921,XoONWh8fbL,11,0,1,0
5922,XoONWh8fbL,6,2,4,0
5923,XrKzHGg2jB,6,0,2,2
5924,XrKzHGg2jB,2,2,4,2
5925,XrKzHGg2jB,2,1,4,3
5926,XrKzHGg2jB,5,0,2,3
5927,XrKzHGg2jB,6,0,2,2
5928,XrRqY9QOSa,4,0,0,0
5929,XrRqY9QOSa,4,0,0,0
5930,XrRqY9QOSa,4,0,0,0
5931,XrRqY9QOSa,4,0,0,0
5932,XrRqY9QOSa,4,0,0,0
5933,XrRqY9QOSa,4,0,0,0
5949,Y2lYfMD0z8,3,3,0,1
5950,Y2lYfMD0z8,6,0,0,1
5951,Y2lYfMD0z8,6,0,0,1
5952,Y2lYfMD0z8,6,0,0,1
5953,Y2lYfMD0z8,4,0,0,3
5954,Y37XC7b9Xl,7,0,0,2
5957,Y37XC7b9Xl,6,0,1,2
5958,Y37XC7b9Xl,7,0,0,2
5959,Y37XC7b9Xl,7,0,0,2
5960,Y37XC7b9Xl,7,0,0,2
5967,Y9gsOEdaNE,2,0,0,0
5968,Y9gsOEdaNE,2,0,0,0
5969,YA9jB86LDw,3,0,0,1
5970,YA9jB86LDw,2,0,1,1
5971,YA9jB86LDw,2,0,1,1
5972,YA9jB86LDw,3,0,1,0
5973,YA9jB86LDw,2,0,2,0
5974,YBIGgUet07,5,0,0,0
5975,YBIGgUet07,4,0,0,1
5976,YBIGgUet07,4,0,0,1
5977,YBIGgUet07,4,0,0,1
5978,YBIGgUet07,1,3,0,1
5979,YEckWPoS09,1,0,0,1
5980,YEckWPoS09,1,0,0,1
5981,YEckWPoS09,1,0,0,1
5982,YEckWPoS09,11,0,4,4
5983,YEckWPoS09,7,0,6,6
5984,YEckWPoS09,14,0,2,3
5985,YEckWPoS09,11,0,2,6
5986,YEckWPoS09,11,1,2,5
5987,YEckWPoS09,10,0,6,3
5991,YHLkqytT2p,0,0,1,1
5992,YHLkqytT2p,0,0,1,1
5993,YHLkqytT2p,0,0,1,1
6023,YRq8IIgDMy,0,0,2,0
6024,YRq8IIgDMy,1,0,1,0
6025,YRq8IIgDMy,0,0,2,0
6026,YRq8IIgDMy,1,0,1,0
6038,YblLI3n0dn,4,0,0,0
6039,YblLI3n0dn,4,0,0,0
6040,YblLI3n0dn,4,0,0,0
6041,YblLI3n0dn,4,0,0,0
6042,YblLI3n0dn,0,3,0,1
6043,YblLI3n0dn,3,0,0,1
6047,Yd1jFl0jBt,0,2,1,2
6048,Yd1jFl0jBt,2,0,2,1
6049,Yd1jFl0jBt,0,2,0,3
6050,Yd1jFl0jBt,0,2,1,2
6051,Yd1jFl0jBt,2,0,1,2
6052,YgzbofmRr6,0,0,0,2
6053,YgzbofmRr6,1,0,0,1
6054,YgzbofmRr6,1,0,0,1
6055,YgzbofmRr6,1,0,0,1
6056,YgzbofmRr6,1,0,0,1
6083,Yq66fTPjHn,2,0,0,0
6084,Yq66fTPjHn,1,0,1,0
6085,Yq66fTPjHn,0,0,2,0
6086,Yq66fTPjHn,1,0,1,0
6087,Yq66fTPjHn,1,0,1,0
6099,Yy37YQCvCt,1,0,1,0
6100,Yy37YQCvCt,0,0,2,0
6101,Yy37YQCvCt,0,0,1,1
6102,Yy37YQCvCt,2,0,0,0
6103,Yy37YQCvCt,1,0,0,1
6123,ZEODIzlKwZ,0,0,2,0
6124,ZEODIzlKwZ,0,0,2,0
6125,ZEP68RaUeR,11,0,0,0
6126,ZEP68RaUeR,11,0,0,0
6127,ZEP68RaUeR,11,0,0,0
6128,ZEP68RaUeR,9,0,1,1
6129,ZEP68RaUeR,10,0,0,1
6130,ZEP68RaUeR,8,0,2,1
6153,ZVyd4r9Xl5,1,0,1,1
6154,ZVyd4r9Xl5,2,0,0,1
6155,ZVyd4r9Xl5,3,0,0,0
6156,ZVyd4r9Xl5,0,0,1,2
6157,ZVyd4r9Xl5,2,0,0,1
6158,ZVyd4r9Xl5,2,0,0,1
6182,Zkj9ctQdMM,10,0,2,1
6183,Zkj9ctQdMM,4,0,0,0
6184,Zkj9ctQdMM,3,6,3,1
6185,Zkj9ctQdMM,7,3,2,1
6186,Zkj9ctQdMM,3,0,1,0
6187,Zkj9ctQdMM,10,0,3,0
6188,Zkj9ctQdMM,11,0,1,1
6189,Zkj9ctQdMM,9,0,3,1
6190,Zkj9ctQdMM,3,0,1,0
6197,Zlw4Kl5HEF,3,0,0,0
6198,Zlw4Kl5HEF,3,0,0,0
6206,Zuews4ULW6,0,0,2,0
6207,Zuews4ULW6,0,0,1,1
6208,Zuews4ULW6,2,0,0,0
6209,Zuews4ULW6,2,0,0,0
6210,Zuews4ULW6,2,0,0,0
6211,Zuews4ULW6,2,0,0,0
6212,ZwFJbTzJP9,0,0,0,2
6213,ZwFJbTzJP9,0,0,0,2
6214,ZwFJbTzJP9,1,0,0,1
6215,ZwFJbTzJP9,1,0,0,1
6216,ZwFJbTzJP9,1,0,0,1
6217,ZwFJbTzJP9,0,0,0,2
6218,a3GdvuPItd,0,0,2,1
6219,a3GdvuPItd,0,0,3,0
6220,a3GdvuPItd,1,1,0,1
6221,a3GdvuPItd,0,0,2,1
6222,a3GdvuPItd,1,1,0,1
6223,a3GdvuPItd,0,0,3,0
6229,a6fo32UnpU,0,3,0,0
6230,a6fo32UnpU,0,3,0,0
6231,a6fo32UnpU,0,0,0,3
6232,a6fo32UnpU,3,0,0,0
6233,a6fo32UnpU,1,1,0,1
6234,a6fo32UnpU,1,1,0,1
6241,a7ZTOzb2nl,0,0,2,5
6242,a7ZTOzb2nl,1,0,1,5
6243,a7ZTOzb2nl,1,0,2,4
6244,a7ZTOzb2nl,6,0,1,0
6245,a7ZTOzb2nl,5,0,1,1
6246,a7ZTOzb2nl,6,0,1,0
6247,a86luANykT,0,0,2,0
6248,a86luANykT,0,0,2,0
6249,a86luANykT,0,0,2,0
6250,a86luANykT,0,0,0,2
6259,aDLJNoseDH,0,4,0,0
6260,aDLJNoseDH,0,4,0,0
6261,aDLJNoseDH,4,0,0,0
6262,aDLJNoseDH,4,0,0,0
6263,aDLJNoseDH,4,0,0,0
6264,aDLJNoseDH,0,4,0,0
6271,aGaBFE9pta,2,0,0,1
6272,aGaBFE9pta,1,0,2,0
6274,aGaBFE9pta,0,0,3,0
6277,aGaBFE9pta,3,0,0,0
6278,aGaBFE9pta,1,0,1,1
6279,aIFgQusnPy,1,0,1,0
6280,aIFgQusnPy,0,0,2,1
6281,aIFgQusnPy,0,0,2,1
6282,aIFgQusnPy,0,0,1,1
6283,aIFgQusnPy,3,0,0,0
6284,aIFgQusnPy,3,0,0,0
6285,aIFgQusnPy,0,0,2,1
6286,aIFgQusnPy,0,0,2,1
6287,aIH1jyU37z,1,1,0,3
6288,aIH1jyU37z,4,0,0,1
6289,aIH1jyU37z,4,1,0,0
6290,aIH1jyU37z,4,0,0,1
6312,aNWIVNjocB,0,2,5,1
6315,aNWIVNjocB,0,0,6,2
6316,aNWIVNjocB,3,2,2,1
6317,aNWIVNjocB,4,0,3,1
6318,aNWIVNjocB,5,0,1,2
6325,aPnQpmwHW7,0,0,2,0
6326,aPnQpmwHW7,0,0,2,0
6327,aPnQpmwHW7,0,0,2,0
6328,aPnQpmwHW7,0,0,2,0
6335,aWfk16EvfM,0,0,1,1
6336,aWfk16EvfM,0,0,1,1
6337,aWfk16EvfM,0,0,1,1
6346,aZ5Di8Ii4X,0,0,1,2
6347,aZ5Di8Ii4X,3,0,0,0
6348,aZ5Di8Ii4X,1,1,0,1
6349,aZ5Di8Ii4X,0,0,1,2
6350,aZ5Di8Ii4X,3,0,0,0
6351,aZ5Di8Ii4X,0,1,1,1
6352,aaFfUg013C,0,0,2,0
6353,aaFfUg013C,0,0,2,0
6354,aaFfUg013C,0,0,2,0
6355,aaFfUg013C,0,0,1,1
6356,aaFfUg013C,0,0,1,1
6362,agN2CgTCIW,0,0,2,0
6363,agN2CgTCIW,0,0,1,1
6364,agN2CgTCIW,0,0,2,0
6365,agN2CgTCIW,0,0,2,0
6366,agN2CgTCIW,0,0,2,0
6397,arc2pWtZLN,3,0,1,1
6398,arc2pWtZLN,3,0,1,1
6399,arc2pWtZLN,0,0,5,0
6400,arc2pWtZLN,3,0,1,1
6401,arc2pWtZLN,3,0,1,1
6402,arc2pWtZLN,2,1,1,1
6403,auEvgVBpSF,0,2,0,0
6404,auEvgVBpSF,0,1,1,0
6405,auEvgVBpSF,1,0,1,0
6406,auEvgVBpSF,0,2,0,0
6407,auEvgVBpSF,0,2,0,0
6418,ay4Q69fAJL,0,0,1,2
6419,ay4Q69fAJL,3,0,0,0
6420,ay4Q69fAJL,3,0,0,0
6421,ay4Q69fAJL,3,0,0,0
6422,ay4Q69fAJL,1,2,0,0
6450,b2YHcg9o1e,4,1,2,0
6451,b2YHcg9o1e,6,0,1,0
6452,b2YHcg9o1e,5,0,2,0
6453,b2YHcg9o1e,6,0,0,1
6454,b2YHcg9o1e,6,0,0,1
6455,b3EvCd8sYE,8,0,0,1
6456,b3EvCd8sYE,8,0,0,1
6457,b3EvCd8sYE,7,0,1,1
6458,b3EvCd8sYE,8,0,0,1
6459,b3EvCd8sYE,5,1,2,1
6460,b3EvCd8sYE,7,0,1,1
6478,bA6BgSbaUi,0,0,4,5
6479,bA6BgSbaUi,0,0,3,6
6481,bA6BgSbaUi,0,0,1,8
6483,bA6BgSbaUi,0,0,5,4
6485,bA6BgSbaUi,0,0,4,5
6491,bI9moH3UZw,5,0,2,1
6492,bI9moH3UZw,5,0,3,0
6493,bI9moH3UZw,6,1,1,0
6494,bI9moH3UZw,6,0,1,1
6495,bI9moH3UZw,5,1,2,0
6496,bIF47tRlP4,0,0,1,1
6497,bIF47tRlP4,0,0,1,1
6498,bIF47tRlP4,0,0,2,0
6499,bIF47tRlP4,0,0,2,0
6500,bIF47tRlP4,0,0,2,0
6501,bIF47tRlP4,0,0,2,0
6508,bMSnvqVWaB,1,9,2,0
6509,bMSnvqVWaB,10,0,2,0
6510,bMSnvqVWaB,10,0,2,0
6511,bMSnvqVWaB,9,0,2,1
6512,bMSnvqVWaB,9,0,2,1
6513,bMSnvqVWaB,9,0,2,1
6514,bMsBArF8MT,0,0,2,0
6515,bMsBArF8MT,0,0,2,0
6516,bMsBArF8MT,0,0,2,0
6517,bMsBArF8MT,0,0,2,0
6518,bMsBArF8MT,0,0,2,0
6529,bSUMVAYoMq,0,0,1,1
6530,bSUMVAYoMq,0,0,2,0
6531,bSUMVAYoMq,0,0,2,0
6532,bSUMVAYoMq,0,0,2,0
6533,bSUMVAYoMq,1,0,1,0
6534,bSUMVAYoMq,1,0,1,0
6535,bT6JcLswlW,0,0,1,1
6536,bT6JcLswlW,0,0,1,1
6537,bT6JcLswlW,0,0,0,2
6538,bT6JcLswlW,0,0,0,2
6539,bT6JcLswlW,0,0,0,2
6540,bT6JcLswlW,0,0,0,2
6556,bYDjZyqKxq,0,0,1,1
6557,bYDjZyqKxq,1,0,1,0
6559,bYDjZyqKxq,0,0,1,1
6560,bYDjZyqKxq,0,0,1,1
6562,bYDjZyqKxq,1,0,1,0
6563,bYDjZyqKxq,1,0,1,0
6564,bcN12UkftY,1,0,1,2
6565,bcN12UkftY,0,1,3,0
6566,bcN12UkftY,0,1,2,1
6567,bcN12UkftY,0,1,1,2
6568,bcN12UkftY,0,1,1,2
6569,bcN12UkftY,0,0,3,1
6572,bgM2hmXExQ,0,2,0,0
6573,bgM2hmXExQ,2,0,0,0
6574,bgM2hmXExQ,1,0,1,0
6575,bgM2hmXExQ,2,0,0,0
6576,bgM2hmXExQ,2,0,0,0
6587,bkcxLMm3Gp,0,1,3,0
6588,bkcxLMm3Gp,2,0,1,1
6589,bkcxLMm3Gp,0,2,1,1
6590,bkcxLMm3Gp,1,0,2,1
6591,bkcxLMm3Gp,2,0,2,0
6592,bkn1a9spwP,0,0,2,0
6593,bkn1a9spwP,0,0,2,0
6594,bkn1a9spwP,0,1,1,0
6595,bkn1a9spwP,2,0,0,0
6596,bkn1a9spwP,2,0,0,0
6597,bkn1a9spwP,2,0,0,0
6607,c11G7lmfhm,0,0,1,1
6608,c11G7lmfhm,0,0,1,1
6609,c11G7lmfhm,0,0,1,1
6615,c2neBfCuoz,1,0,1,0
6616,c2neBfCuoz,1,0,1,0
6617,c2neBfCuoz,1,0,1,0
6618,c2neBfCuoz,0,0,1,1
6619,c2neBfCuoz,2,0,0,0
6627,cCFyY2LmF5,0,0,1,1
6628,cCFyY2LmF5,0,0,1,1
6629,cCFyY2LmF5,0,0,1,1
6630,cCFyY2LmF5,0,0,1,1
6631,cCFyY2LmF5,0,0,1,1
6632,cCFyY2LmF5,0,0,1,1
6635,cGOX9bOWnj,3,0,3,0
6636,cGOX9bOWnj,2,0,4,0
6637,cGOX9bOWnj,4,0,2,0
6638,cGOX9bOWnj,2,0,2,2
6639,cGOX9bOWnj,2,0,2,2
6640,cHxls6cHDF,2,0,0,1
6641,cHxls6cHDF,2,0,0,1
6642,cHxls6cHDF,2,0,0,1
6643,cHxls6cHDF,2,0,0,1
6644,cHxls6cHDF,2,0,0,1
6647,cQD2wxFhFG,0,0,0,2
6648,cQD2wxFhFG,0,0,0,2
6649,cQD2wxFhFG,0,0,0,2
6650,cQD2wxFhFG,0,0,0,2
6651,cQD2wxFhFG,0,0,0,2
6663,cVO0eX8vLQ,0,0,1,1
6664,cVO0eX8vLQ,0,0,0,2
6665,cVO0eX8vLQ,0,0,0,2
6666,cVO0eX8vLQ,0,0,1,1
6667,cVO0eX8vLQ,0,0,1,1
6668,cX3r7kAqr1,1,0,0,2
6669,cX3r7kAqr1,0,0,0,3
6676,coHiGZOFtS,0,0,3,0
6677,coHiGZOFtS,1,0,2,0
6678,coHiGZOFtS,0,0,2,1
6679,coHiGZOFtS,1,0,2,0
6680,coHiGZOFtS,2,0,1,0
6681,coINrhVRkL,2,0,1,2
6682,coINrhVRkL,0,0,4,1
6683,coINrhVRkL,0,0,1,4
6684,coINrhVRkL,0,0,2,3
6685,coINrhVRkL,0,0,2,3
6691,cpKJ2GlnYT,0,0,1,1
6692,cpKJ2GlnYT,0,0,0,2
6693,cpKJ2GlnYT,0,0,0,2
6694,cpKJ2GlnYT,0,0,0,2
6695,cpKJ2GlnYT,0,0,0,2
6696,cpKJ2GlnYT,1,0,0,1
6710,d5rd1zlHTf,4,0,0,0
6711,d5rd1zlHTf,0,4,0,0
6712,d5rd1zlHTf,4,0,0,0
6713,d5rd1zlHTf,0,4,0,0
6714,d5rd1zlHTf,0,4,0,0
6715,d5rd1zlHTf,4,0,0,0
6716,d6BqyajwMj,3,0,0,1
6717,d6BqyajwMj,3,0,0,1
6718,d6BqyajwMj,3,0,0,1
6719,d6BqyajwMj,0,0,1,3
6720,d6BqyajwMj,3,0,0,1
6721,d6BqyajwMj,2,0,1,1
6722,d9JlreUNVY,7,0,4,2
6724,d9JlreUNVY,4,2,5,2
6726,d9JlreUNVY,9,0,2,2
6727,d9JlreUNVY,6,3,2,2
6728,d9JlreUNVY,9,0,1,3
6729,d9JlreUNVY,8,0,3,2
6730,d9LsOCOB9z,4,0,0,0
6731,d9LsOCOB9z,0,2,1,1
6732,d9LsOCOB9z,4,0,0,0
6733,d9LsOCOB9z,4,0,0,0
6734,d9LsOCOB9z,4,0,0,0
6735,dDkl5ZcyTl,3,0,1,0
6736,dDkl5ZcyTl,2,0,1,1
6737,dDkl5ZcyTl,0,0,2,2
6738,dDkl5ZcyTl,2,0,1,1
6739,dDkl5ZcyTl,1,0,2,1
6746,dEszwexTMi,3,0,1,0
6749,dEszwexTMi,2,0,2,0
6750,dEszwexTMi,0,2,2,0
6752,dEszwexTMi,3,0,1,0
6753,dEszwexTMi,3,0,1,0
6774,dTMrITkTr5,0,4,0,2
6776,dTMrITkTr5,4,2,0,0
6777,dTMrITkTr5,0,2,2,2
6779,dTMrITkTr5,6,0,0,0
6780,dTMrITkTr5,4,2,0,0
6785,dWuxvV7ekd,0,7,2,2
6786,dWuxvV7ekd,10,0,0,1
6787,dWuxvV7ekd,4,1,2,4
6788,dWuxvV7ekd,9,1,0,1
6789,dWuxvV7ekd,9,0,1,1
6790,dWuxvV7ekd,8,1,1,1
6791,daiccpXZfU,0,0,0,3
6792,daiccpXZfU,0,0,1,2
6793,daiccpXZfU,0,0,0,3
6794,daiccpXZfU,0,0,0,3
6795,daiccpXZfU,0,0,0,3
6806,dc9si7lBTY,0,0,0,2
6807,dc9si7lBTY,2,0,0,0
6808,dc9si7lBTY,1,0,0,1
6809,dc9si7lBTY,1,1,0,0
6810,dc9si7lBTY,0,0,1,1
6811,dc9si7lBTY,1,0,0,1
6824,dfN4HMZbc9,2,0,0,1
6825,dfN4HMZbc9,2,0,0,1
6826,dfN4HMZbc9,3,0,0,0
6827,dfN4HMZbc9,3,0,0,0
6828,dfN4HMZbc9,3,0,0,0
6829,dfqmQ9WhCP,4,0,1,0
6830,dfqmQ9WhCP,5,0,0,0
6831,dfqmQ9WhCP,5,0,0,0
6832,dfqmQ9WhCP,5,0,0,0
6833,dfqmQ9WhCP,5,0,0,0
6834,dhzRnzD9jR,0,0,2,0
6835,dhzRnzD9jR,0,0,0,2
6836,dhzRnzD9jR,0,0,1,1
6837,dhzRnzD9jR,0,0,1,1
6838,dhzRnzD9jR,0,0,2,0
6839,diF53wYIj3,8,0,0,0
6840,diF53wYIj3,7,0,0,1
6841,diF53wYIj3,3,0,0,0
6842,diF53wYIj3,8,0,0,0
6843,diF53wYIj3,8,0,0,0
6844,diF53wYIj3,3,0,0,0
6845,diF53wYIj3,3,0,0,0
6846,djASMk0bzO,0,0,2,3
6847,djASMk0bzO,0,3,1,1
6848,djASMk0bzO,0,2,0,3
6849,djASMk0bzO,5,0,0,0
6850,djASMk0bzO,3,1,1,0
6851,djASMk0bzO,5,0,0,0
6867,ds3ZOevkwx,0,0,2,0
6868,ds3ZOevkwx,0,0,2,0
6869,ds3ZOevkwx,0,0,2,0
6870,ds3ZOevkwx,2,0,0,0
6871,ds3ZOevkwx,0,0,2,0
6872,ds3ZOevkwx,0,0,2,0
6889,dyRD6lBH8K,19,0,2,2
6890,dyRD6lBH8K,18,0,4,1
6891,dyRD6lBH8K,15,1,6,1
6892,dyRD6lBH8K,2,0,0,0
6893,dyRD6lBH8K,2,0,0,0
6894,dyRD6lBH8K,19,0,2,2
6895,dyRD6lBH8K,2,0,0,0
6896,dyRD6lBH8K,19,0,3,1
6897,dyRD6lBH8K,18,0,4,1
6898,e6hVbhHEXh,3,0,0,0
6899,e6hVbhHEXh,0,3,0,0
6900,e6hVbhHEXh,2,1,0,0
6901,e6hVbhHEXh,2,1,0,0
6902,e6hVbhHEXh,0,3,0,0
6903,e6hVbhHEXh,3,0,0,0
6915,eGjl7UgeWE,0,0,1,2
6916,eGjl7UgeWE,0,1,0,2
6917,eGjl7UgeWE,0,0,2,1
6918,eGjl7UgeWE,0,0,2,1
6919,eGjl7UgeWE,0,0,2,1
6935,eNvxTIZugB,6,0,1,1
6936,eNvxTIZugB,3,0,3,2
6937,eNvxTIZugB,5,0,2,1
6938,eNvxTIZugB,5,0,2,1
6939,eNvxTIZugB,7,0,1,0
6940,eNvxTIZugB,6,0,1,1
6950,eXLcL70GXO,5,5,0,0
6951,eXLcL70GXO,10,0,0,0
6952,eXLcL70GXO,1,0,4,5
6953,eXLcL70GXO,9,0,0,1
6954,eXLcL70GXO,8,0,1,1
6955,eXLcL70GXO,8,0,1,1
6961,ea4sx1kxDz,1,0,1,1
6962,ea4sx1kxDz,0,1,2,0
6963,ea4sx1kxDz,0,0,3,0
6964,ea4sx1kxDz,0,0,3,0
6965,ea4sx1kxDz,0,0,2,1
6966,ea4sx1kxDz,1,0,1,1
6967,ebRDSATK4K,0,0,1,2
6968,ebRDSATK4K,0,0,1,2
6969,ebRDSATK4K,0,0,1,2
6976,eeoU8iz7w1,2,0,1,1
6977,eeoU8iz7w1,0,2,2,0
6978,eeoU8iz7w1,2,0,2,0
6979,eeoU8iz7w1,2,0,1,1
6980,eeoU8iz7w1,2,0,1,1
6981,eeoU8iz7w1,2,0,2,0
6991,eirv1OEo7F,2,0,0,1
6992,eirv1OEo7F,2,0,0,1
6993,eirv1OEo7F,2,0,0,1
6998,eldrXxp9eG,2,0,0,1
6999,eldrXxp9eG,3,0,0,0
7000,eldrXxp9eG,2,0,1,0
7001,eldrXxp9eG,2,0,0,1
7002,eldrXxp9eG,3,0,0,0
7003,emDhH9VFqm,1,1,0,0
7004,emDhH9VFqm,2,0,0,0
7005,emDhH9VFqm,2,0,0,0
7006,emDhH9VFqm,0,0,2,0
7007,emDhH9VFqm,2,0,0,0
7008,emDhH9VFqm,2,0,0,0
7015,erxWUWJlt2,0,1,1,0
7016,erxWUWJlt2,0,0,2,0
7017,erxWUWJlt2,0,0,2,0
7018,erxWUWJlt2,0,1,1,0
7019,erxWUWJlt2,1,0,1,0
7026,evAFxJXcrr,0,0,2,0
7027,evAFxJXcrr,0,0,1,1
7028,evAFxJXcrr,0,0,1,1
7029,evAFxJXcrr,0,0,1,1
7030,evAFxJXcrr,0,0,2,0
7036,f0RjWJig9V,0,0,1,1
7037,f0RjWJig9V,0,0,1,1
7038,f0RjWJig9V,0,0,2,0
7039,f0RjWJig9V,0,0,2,0
7040,f0RjWJig9V,0,0,1,1
7041,f0RjWJig9V,0,0,1,1
7070,fDMizWsNoG,0,1,1,0
7071,fDMizWsNoG,1,0,1,0
7072,fDMizWsNoG,0,0,2,0
7073,fDMizWsNoG,1,0,0,1
7074,fDMizWsNoG,1,0,0,1
7080,fFupHW7Jqx,3,0,0,1
7081,fFupHW7Jqx,4,0,0,0
7082,fFupHW7Jqx,2,0,1,1
7083,fFupHW7Jqx,3,0,1,0
7084,fFupHW7Jqx,4,0,0,0
7103,fR1FjJwrnN,0,0,2,1
7106,fR1FjJwrnN,3,0,0,0
7107,fR1FjJwrnN,1,0,0,2
7108,fR1FjJwrnN,1,0,0,2
7109,fRonOqrKWT,1,0,1,1
7110,fRonOqrKWT,1,0,0,2
7111,fRonOqrKWT,0,0,1,2
7112,fRonOqrKWT,1,0,0,2
7113,fRonOqrKWT,0,0,1,2
7123,fTl7NXYtAB,0,2,1,1
7124,fTl7NXYtAB,3,0,1,0
7125,fTl7NXYtAB,1,0,0,3
7126,fTl7NXYtAB,1,0,1,2
7127,fTl7NXYtAB,4,0,0,0
7128,fVso2kGVrF,4,0,2,0
7129,fVso2kGVrF,4,0,1,1
7130,fVso2kGVrF,4,0,1,1
7131,fVso2kGVrF,4,0,0,2
7132,fVso2kGVrF,4,0,0,2
7133,fVso2kGVrF,4,0,0,2
7142,faUnI2FEgw,0,0,2,0
7143,faUnI2FEgw,0,0,2,0
7144,faUnI2FEgw,0,0,2,0
7147,fcVsVQkjIc,0,0,0,3
7148,fcVsVQkjIc,2,0,0,1
7149,fcVsVQkjIc,2,0,0,1
7150,fcVsVQkjIc,1,0,0,2
7151,fcVsVQkjIc,1,0,0,2
7152,fcVsVQkjIc,1,0,0,2
7153,fch6yT64ZH,0,0,1,1
7154,fch6yT64ZH,1,0,1,0
7155,fch6yT64ZH,1,0,1,0
7156,fdkSA4F0lN,0,0,3,0
7157,fdkSA4F0lN,0,0,2,1
7158,fdkSA4F0lN,1,0,1,1
7159,fdkSA4F0lN,1,0,1,1
7160,fdkSA4F0lN,0,0,0,3
7161,fhPu6dCiwt,1,0,1,0
7162,fhPu6dCiwt,0,0,1,1
7163,fhPu6dCiwt,0,0,1,1
7164,fhPu6dCiwt,0,0,1,1
7165,fhPu6dCiwt,0,0,0,2
7166,fhPu6dCiwt,1,0,1,0
7167,fiTjjAgkiC,1,0,0,2
7168,fiTjjAgkiC,0,1,2,0
7169,fiTjjAgkiC,2,0,0,1
7170,fiTjjAgkiC,1,0,0,2
7171,fiTjjAgkiC,2,0,0,1
7172,fiYjuwsbFE,1,0,1,0
7173,fiYjuwsbFE,2,0,0,0
7174,fiYjuwsbFE,2,0,0,0
7175,fiYjuwsbFE,12,0,4,0
7176,fiYjuwsbFE,12,0,1,3
7177,fiYjuwsbFE,9,0,3,4
7178,fiYjuwsbFE,8,0,6,2
7179,fiYjuwsbFE,13,0,1,2
7180,fo77TzkulW,2,0,1,1
7181,fo77TzkulW,2,0,1,1
7182,fo77TzkulW,3,0,1,0
7183,fo77TzkulW,2,0,1,1
7184,fo77TzkulW,1,1,1,1
7185,fo77TzkulW,2,0,1,1
7192,frRHI1zK86,2,0,0,1
7193,frRHI1zK86,0,0,1,2
7194,frRHI1zK86,2,0,0,1
7195,frRHI1zK86,1,0,0,2
7196,frRHI1zK86,1,0,0,2
7227,g7LE4mukGq,11,0,5,1
7229,g7LE4mukGq,12,0,2,3
7230,g7LE4mukGq,13,0,1,3
7233,g7LE4mukGq,12,0,2,3
7234,g7LE4mukGq,12,0,1,4
7235,g89qqA6qmD,7,0,1,2
7236,g89qqA6qmD,7,0,2,1
7237,g89qqA6qmD,7,0,2,1
7238,g89qqA6qmD,7,0,2,1
7239,g89qqA6qmD,8,0,1,1
7240,g89qqA6qmD,6,0,2,2
7241,gC04O9t1WJ,7,0,0,0
7242,gC04O9t1WJ,7,0,0,0
7243,gC04O9t1WJ,6,0,0,1
7244,gC04O9t1WJ,6,0,0,1
7245,gC04O9t1WJ,6,0,0,1
7246,gFPPTokv9C,6,0,1,2
7247,gFPPTokv9C,0,2,6,1
7248,gFPPTokv9C,1,3,4,1
7249,gFPPTokv9C,6,0,1,2
7250,gFPPTokv9C,6,0,1,2
7251,gFPPTokv9C,2,5,2,0
7260,gLRqqQOM9K,2,0,0,1
7261,gLRqqQOM9K,0,0,3,0
7262,gLRqqQOM9K,2,0,1,0
7263,gLRqqQOM9K,0,0,1,2
7264,gLRqqQOM9K,0,2,0,1
7265,gLRqqQOM9K,2,0,0,1
7291,gQXkbQSZWS,5,0,0,3
7292,gQXkbQSZWS,6,0,0,2
7293,gQXkbQSZWS,4,0,1,3
7294,gQXkbQSZWS,4,0,0,4
7295,gQXkbQSZWS,4,0,0,4
7296,gQXkbQSZWS,4,0,0,4
7302,gW7NZN8zJu,0,0,0,3
7303,gW7NZN8zJu,0,0,0,3
7304,gW7NZN8zJu,0,0,1,2
7305,gW7NZN8zJu,0,0,0,3
7306,gW7NZN8zJu,0,0,0,3
7307,gYBeaguAN5,0,0,3,0
7308,gYBeaguAN5,0,0,3,0
7309,gYBeaguAN5,0,0,3,0
7310,gYBeaguAN5,1,0,2,0
7311,gYBeaguAN5,0,0,2,1
7312,gYBeaguAN5,0,0,2,1
7313,ga20H0vR6f,2,0,1,5
7314,ga20H0vR6f,4,0,0,4
7315,ga20H0vR6f,4,0,0,4
7316,ga20H0vR6f,4,0,1,3
7317,ga20H0vR6f,3,2,1,2
7325,gc7Gg18ejz,4,0,3,3
7327,gc7Gg18ejz,2,0,1,7
7328,gc7Gg18ejz,6,0,1,3
7329,gc7Gg18ejz,0,0,5,5
7330,gc7Gg18ejz,7,0,1,2
7331,gc7Gg18ejz,6,0,1,3
7332,gcYvvxTLRA,1,0,2,0
7333,gcYvvxTLRA,1,0,2,0
7334,gcYvvxTLRA,1,0,2,0
7335,gcYvvxTLRA,1,0,1,1
7341,ghd0zmtpB9,7,0,0,0
7342,ghd0zmtpB9,7,0,0,0
7343,ghd0zmtpB9,7,0,0,0
7344,ghd0zmtpB9,7,0,0,0
7345,ghd0zmtpB9,6,0,0,1
7352,gqKLmdooqZ,6,0,1,0
7353,gqKLmdooqZ,6,0,0,1
7354,gqKLmdooqZ,6,0,1,0
7355,gqKLmdooqZ,5,0,0,0
7356,gqKLmdooqZ,5,0,0,0
7357,gqKLmdooqZ,6,0,1,0
7358,gqKLmdooqZ,6,0,0,1
7359,gqKLmdooqZ,5,0,0,0
7371,guBK9kwmEL,0,0,2,0
7372,guBK9kwmEL,0,0,1,1
7373,guBK9kwmEL,0,0,0,2
7374,guBK9kwmEL,0,0,0,2
7375,guBK9kwmEL,0,0,1,1
7383,gvroXZ0HS8,2,0,0,0
7384,gvroXZ0HS8,2,0,0,0
7385,gvroXZ0HS8,0,0,1,1
7386,gvroXZ0HS8,0,0,0,2
7387,gvroXZ0HS8,0,0,0,2
7388,gxxOL0iXpr,4,9,1,4
7389,gxxOL0iXpr,10,1,1,6
7390,gxxOL0iXpr,8,0,4,6
7391,gxxOL0iXpr,14,0,1,3
7392,gxxOL0iXpr,6,0,3,9
7393,gxxOL0iXpr,8,0,7,3
7412,h2uxKKK4WZ,11,0,3,2
7413,h2uxKKK4WZ,13,0,1,2
7415,h2uxKKK4WZ,11,0,2,3
7418,h2uxKKK4WZ,13,0,2,1
7419,h2uxKKK4WZ,11,0,2,3
7420,h2uxKKK4WZ,14,0,1,1
7421,h4DETFu9cK,1,1,0,0
7422,h4DETFu9cK,0,1,1,0
7428,h8NydU966G,2,0,0,0
7429,h8NydU966G,2,0,0,0
7430,h8NydU966G,2,0,0,0
7431,h8NydU966G,18,0,1,2
7432,h8NydU966G,18,0,1,2
7433,h8NydU966G,16,0,2,3
7434,h8NydU966G,16,1,2,2
7435,h8NydU966G,15,0,2,4
7441,hAQZl57Nvx,6,0,2,5
7442,hAQZl57Nvx,8,0,2,3
7443,hAQZl57Nvx,9,0,2,2
7444,hAQZl57Nvx,9,0,1,3
7445,hAQZl57Nvx,7,2,1,3
7446,hAQZl57Nvx,6,2,1,4
7447,hCAEcqig2C,5,0,5,1
7448,hCAEcqig2C,1,5,3,2
7449,hCAEcqig2C,9,0,2,0
7450,hCAEcqig2C,6,0,3,2
7451,hCAEcqig2C,5,0,0,6
7452,hCIBCAS1Hi,4,0,1,2
7453,hCIBCAS1Hi,4,0,1,2
7454,hCIBCAS1Hi,3,1,2,1
7455,hCIBCAS1Hi,6,0,1,0
7456,hCIBCAS1Hi,6,0,1,0
7457,hCIBCAS1Hi,5,0,1,1
7462,hEvt3HWxD3,0,0,2,0
7463,hEvt3HWxD3,0,0,2,0
7464,hEvt3HWxD3,0,0,2,0
7465,hEvt3HWxD3,0,0,2,0
7466,hEvt3HWxD3,0,0,2,0
7467,hEvt3HWxD3,0,0,2,0
7468,hFocSMm1Ke,0,0,1,1
7469,hFocSMm1Ke,0,0,2,0
7470,hFocSMm1Ke,1,0,1,0
7471,hFocSMm1Ke,0,0,2,0
7472,hFocSMm1Ke,0,0,2,0
7473,hFocSMm1Ke,0,0,1,1
7474,hGcJZQSgLo,1,0,1,0
7475,hGcJZQSgLo,1,0,1,0
7476,hGcJZQSgLo,1,0,1,0
7477,hGcJZQSgLo,1,0,1,0
7478,hGcJZQSgLo,1,0,1,0
7484,hMTCuqjCW8,5,0,2,1
7485,hMTCuqjCW8,1,0,3,4
7486,hMTCuqjCW8,4,0,3,1
7487,hMTCuqjCW8,5,0,2,1
7488,hMTCuqjCW8,4,0,2,2
7491,hQoT2F37Am,2,0,0,1
7492,hQoT2F37Am,0,0,3,0
7493,hQoT2F37Am,1,0,2,0
7494,hQoT2F37Am,0,0,2,1
7495,hQoT2F37Am,0,0,1,2
7502,hUjHHGOocl,4,0,0,2
7503,hUjHHGOocl,3,0,2,1
7504,hUjHHGOocl,3,0,1,2
7505,hUjHHGOocl,3,0,1,2
7506,hUjHHGOocl,4,0,0,2
7507,hUjo1XbeXc,1,0,1,0
7508,hUjo1XbeXc,1,0,1,0
7509,hUjo1XbeXc,0,0,1,1
7510,hUjo1XbeXc,1,0,1,0
7511,hUjo1XbeXc,1,0,1,0
7512,hXO2OP0T4w,8,0,6,2
7513,hXO2OP0T4w,11,0,1,4
7514,hXO2OP0T4w,10,2,2,2
7515,hXO2OP0T4w,12,0,1,3
7516,hXO2OP0T4w,11,0,1,4
7517,hXO2OP0T4w,13,0,1,2
7524,hgMZraPlSv,6,0,3,0
7525,hgMZraPlSv,6,0,2,1
7526,hgMZraPlSv,6,0,2,1
7527,hgMZraPlSv,7,0,2,0
7528,hgMZraPlSv,6,0,2,1
7529,hgMZraPlSv,6,0,3,0
7540,hocdjAEAIm,5,0,0,3
7541,hocdjAEAIm,4,1,0,3
7542,hocdjAEAIm,5,0,0,3
7543,hocdjAEAIm,5,0,1,2
7544,hocdjAEAIm,5,0,0,3
7545,hqFugMmCqJ,7,0,1,1
7547,hqFugMmCqJ,7,0,1,1
7548,hqFugMmCqJ,7,0,0,2
7549,hqFugMmCqJ,6,0,2,1
7551,hqFugMmCqJ,7,0,0,2
7552,hqFugMmCqJ,6,0,1,2
7561,huBiCTksKV,2,0,0,0
7562,hwhvjhXC0m,0,0,1,1
7563,hwhvjhXC0m,1,0,0,1
7564,hwhvjhXC0m,0,1,0,1
7565,hwhvjhXC0m,0,1,0,1
7566,hwhvjhXC0m,0,0,2,0
7567,hwhvjhXC0m,0,0,2,0
7588,iEtOxzAs51,0,0,1,2
7589,iEtOxzAs51,0,0,0,3
7590,iEtOxzAs51,0,0,1,2
7596,iJDJCO4mji,0,0,0,2
7597,iJDJCO4mji,2,0,0,0
7598,iJDJCO4mji,2,0,0,0
7599,iJDJCO4mji,0,0,0,2
7600,iJDJCO4mji,0,0,0,2
7601,iJDJCO4mji,2,0,0,0
7608,iJwDylm93H,0,0,1,1
7609,iJwDylm93H,0,0,1,1
7610,iJwDylm93H,0,0,1,1
7611,iJwDylm93H,0,0,2,0
7612,iJwDylm93H,0,0,0,2
7613,iJwDylm93H,0,0,0,2
7632,iPjuUQbkfl,2,0,0,2
7633,iPjuUQbkfl,3,0,2,12
7634,iPjuUQbkfl,13,0,0,4
7635,iPjuUQbkfl,2,0,0,2
7636,iPjuUQbkfl,12,0,1,4
7637,iPjuUQbkfl,10,0,5,2
7638,iPjuUQbkfl,0,0,1,3
7639,iPjuUQbkfl,0,0,10,7
7643,iSD2q5Tius,9,0,2,3
7644,iSD2q5Tius,9,0,2,3
7645,iSD2q5Tius,9,0,2,3
7646,iSD2q5Tius,9,0,2,3
7647,iSD2q5Tius,9,0,2,3
7648,iSD2q5Tius,9,0,2,3
7649,iTy1M4N2FU,2,0,0,0
7650,iTy1M4N2FU,2,0,0,0
7651,iTy1M4N2FU,2,0,0,0
7652,iTy1M4N2FU,0,0,1,1
7653,iTy1M4N2FU,2,0,0,0
7654,iVj5Rdwb6I,3,0,0,0
7655,iVj5Rdwb6I,2,0,0,1
7656,iVj5Rdwb6I,3,0,0,0
7657,iVj5Rdwb6I,3,0,0,0
7658,iVj5Rdwb6I,3,0,0,0
7673,ic0AGRIkmY,1,0,1,0
7674,ic0AGRIkmY,0,0,2,0
7675,ic0AGRIkmY,0,0,1,1
7676,ic0AGRIkmY,0,0,1,1
7677,ic0AGRIkmY,0,0,2,0
7678,ihMB4kA2SQ,7,0,0,4
7679,ihMB4kA2SQ,6,0,2,3
7680,ihMB4kA2SQ,5,0,2,4
7681,ihMB4kA2SQ,3,0,3,5
7682,ihMB4kA2SQ,4,0,2,5
7714,iwS6Lg1Uwx,3,0,0,4
7715,iwS6Lg1Uwx,2,0,0,5
7716,iwS6Lg1Uwx,0,2,2,3
7717,iwS6Lg1Uwx,0,3,1,3
7724,j4UhHaxCpq,0,0,1,1
7725,j4UhHaxCpq,0,0,1,1
7726,j4UhHaxCpq,0,0,1,1
7727,j4UhHaxCpq,0,0,2,0
7728,j4UhHaxCpq,0,0,1,1
7729,j4UhHaxCpq,0,0,1,1
7730,j4c3i3a5kH,0,1,0,1
7731,j4c3i3a5kH,2,0,0,0
7732,j4c3i3a5kH,0,0,1,1
7733,j4c3i3a5kH,1,1,0,0
7734,j4c3i3a5kH,2,0,0,0
7735,j6gXeiPJ3z,3,0,1,3
7736,j6gXeiPJ3z,3,0,1,3
7737,j6gXeiPJ3z,2,1,2,2
7738,j6gXeiPJ3z,2,0,2,3
7739,j6gXeiPJ3z,2,0,2,3
7740,j9aoIFr5aM,13,0,3,1
7743,j9aoIFr5aM,14,0,2,1
7744,j9aoIFr5aM,13,0,2,2
7745,j9aoIFr5aM,11,2,1,3
7746,j9aoIFr5aM,13,0,2,2
7747,j9aoIFr5aM,13,0,2,2
7754,jGRDp7Moik,2,0,0,0
7755,jGRDp7Moik,2,0,0,0
7756,jGRDp7Moik,0,2,0,0
7757,jGRDp7Moik,2,0,0,0
7758,jGRDp7Moik,2,0,0,0
7759,jGRDp7Moik,2,0,0,0
7760,jHUEoBLQpn,5,0,1,2
7761,jHUEoBLQpn,5,0,1,2
7762,jHUEoBLQpn,4,0,2,2
7763,jHUEoBLQpn,5,0,1,2
7764,jHUEoBLQpn,5,0,1,2
7765,jIZqAemuqk,0,0,3,0
7766,jIZqAemuqk,0,0,3,0
7767,jIZqAemuqk,0,0,3,0
7768,jIZqAemuqk,2,0,1,0
7769,jIZqAemuqk,1,0,1,1
7770,jIZqAemuqk,2,0,1,0
7771,jJur8Fq7IK,10,0,0,0
7772,jJur8Fq7IK,3,1,4,2
7773,jJur8Fq7IK,9,0,0,1
7774,jJur8Fq7IK,3,0,5,2
7775,jJur8Fq7IK,1,3,1,5
7776,jJur8Fq7IK,9,0,1,0
7783,jNv4sl4YZH,13,0,1,0
7784,jNv4sl4YZH,11,2,1,0
7785,jNv4sl4YZH,11,0,1,2
7786,jNv4sl4YZH,12,0,1,1
7787,jNv4sl4YZH,10,0,1,3
7790,jNv4sl4YZH,13,0,1,0
7792,jPKqiaPTEd,0,0,4,0
7793,jPKqiaPTEd,0,0,4,0
7794,jPKqiaPTEd,1,0,3,0
7795,jPKqiaPTEd,0,0,3,1
7796,jPKqiaPTEd,3,0,1,0
7809,jYxRNCfRaD,0,0,1,1
7810,jYxRNCfRaD,0,0,2,0
7811,jYxRNCfRaD,2,0,0,0
7812,jYxRNCfRaD,0,0,1,1
7813,jYxRNCfRaD,0,0,1,1
7829,jeCyxur8XB,2,0,0,1
7830,jeCyxur8XB,2,0,0,1
7831,jeCyxur8XB,2,0,0,1
7832,jeCyxur8XB,2,0,0,1
7833,jeCyxur8XB,3,0,0,0
7843,jfKliftgkl,1,0,1,0
7846,jfKliftgkl,1,0,1,0
7847,jfKliftgkl,1,0,1,0
7848,jfKliftgkl,1,0,1,0
7850,jfKliftgkl,1,0,0,1
7853,jhNMY6jHJw,1,0,2,0
7854,jhNMY6jHJw,1,0,2,0
7855,jhNMY6jHJw,0,0,2,1
7856,jhNMY6jHJw,1,0,1,1
7857,jhNMY6jHJw,0,0,1,2
7858,jhNMY6jHJw,1,0,1,1
7859,jiNw5AgBbw,1,0,2,0
7860,jiNw5AgBbw,1,0,2,0
7861,jiNw5AgBbw,2,0,1,0
7862,jiNw5AgBbw,0,1,2,0
7863,jiNw5AgBbw,1,0,2,0
7864,jl2f2Y3iuC,9,0,2,2
7865,jl2f2Y3iuC,3,0,0,0
7866,jl2f2Y3iuC,6,0,3,4
7867,jl2f2Y3iuC,3,0,0,0
7868,jl2f2Y3iuC,0,3,9,1
7869,jl2f2Y3iuC,6,2,3,2
7870,jl2f2Y3iuC,3,0,0,0
7871,jl2f2Y3iuC,9,0,2,2
7878,jn7gGAya5h,4,0,0,1
7882,jn7gGAya5h,4,0,0,1
7883,jn7gGAya5h,0,3,0,2
7884,jn7gGAya5h,4,0,0,1
7885,jn7gGAya5h,4,0,0,1
7907,jqpLZEK3Zc,1,0,1,0
7908,jqpLZEK3Zc,0,0,0,2
7909,jqpLZEK3Zc,1,0,0,1
7910,jqpLZEK3Zc,1,0,0,1
7926,k5xsXvNYQS,0,0,1,1
7927,k5xsXvNYQS,0,0,0,2
7928,k5xsXvNYQS,0,0,0,2
7929,k5xsXvNYQS,0,0,1,1
7930,k5xsXvNYQS,0,0,0,2
7931,k5xsXvNYQS,0,0,0,2
7937,k7XzObg9Hy,4,0,0,1
7938,k7XzObg9Hy,0,0,4,1
7939,k7XzObg9Hy,0,0,4,1
7940,k7XzObg9Hy,0,0,1,4
7950,kHInw3cjCP,0,0,2,0
7951,kHInw3cjCP,2,0,0,0
7952,kHInw3cjCP,0,0,1,1
7953,kHInw3cjCP,0,0,1,1
7954,kHInw3cjCP,1,0,0,1
7955,kHInw3cjCP,0,0,2,0
7956,kHPIJ7KVCw,1,0,0,1
7957,kHPIJ7KVCw,1,0,1,0
7958,kHPIJ7KVCw,0,0,1,1
7959,kKUrbW8xJ3,2,0,0,0
7960,kKUrbW8xJ3,0,0,2,0
7961,kKUrbW8xJ3,0,0,2,0
7962,kKUrbW8xJ3,2,0,0,0
7963,kKUrbW8xJ3,2,0,0,0
7964,kKUrbW8xJ3,0,0,2,0
7965,kKlzS0HQjJ,1,0,0,1
7966,kKlzS0HQjJ,1,0,0,1
7967,kKlzS0HQjJ,0,1,0,1
7968,kKlzS0HQjJ,0,1,0,1
7969,kKlzS0HQjJ,1,0,0,1
7970,kKlzS0HQjJ,0,1,0,1
7999,kWxN36TDN8,0,4,0,1
8000,kWxN36TDN8,5,0,0,0
8001,kWxN36TDN8,4,0,0,1
8002,kWxN36TDN8,4,0,0,1
8003,kWxN36TDN8,5,0,0,0
8004,kcPPWaoegr,1,0,0,2
8005,kcPPWaoegr,0,0,2,1
8006,kcPPWaoegr,0,0,3,0
8007,kcPPWaoegr,0,0,1,2
8008,kcPPWaoegr,0,1,0,2
8009,kcnuX4xEpL,1,0,1,3
8010,kcnuX4xEpL,1,0,3,1
8011,kcnuX4xEpL,2,0,0,3
8012,kcnuX4xEpL,1,0,3,1
8013,kcnuX4xEpL,2,0,1,2
8014,kcyOjXoUZu,0,0,2,0
8015,kcyOjXoUZu,1,0,1,0
8016,kcyOjXoUZu,2,0,0,0
8017,kcyOjXoUZu,0,0,2,0
8018,kcyOjXoUZu,1,0,0,1
8019,kcyOjXoUZu,1,0,1,0
8025,kkhVljGiMS,6,0,3,4
8026,kkhVljGiMS,8,0,2,3
8027,kkhVljGiMS,7,0,2,4
8028,kkhVljGiMS,7,0,2,4
8029,kkhVljGiMS,7,0,3,3
8030,kkhVljGiMS,7,0,2,4
8036,kovefbSXbQ,0,0,1,1
8037,kovefbSXbQ,0,0,1,1
8038,kovefbSXbQ,0,0,1,1
8039,kovefbSXbQ,0,0,1,1
8040,kovefbSXbQ,0,0,1,1
8041,kovefbSXbQ,0,0,1,1
8042,kpdyQ1GDRt,2,0,0,0
8043,kpdyQ1GDRt,2,0,0,0
8044,kpdyQ1GDRt,2,0,0,0
8045,kpdyQ1GDRt,2,0,0,0
8046,kpgURPRMGf,0,0,3,4
8047,kpgURPRMGf,1,0,1,5
8048,kpgURPRMGf,0,0,3,4
8049,kpgURPRMGf,0,0,4,3
8050,kpgURPRMGf,0,0,3,4
8054,kwvtSA9ed3,0,0,1,3
8055,kwvtSA9ed3,2,0,2,0
8056,kwvtSA9ed3,0,0,2,2
8057,kwvtSA9ed3,2,0,2,0
8058,kwvtSA9ed3,3,0,1,0
8059,kwvtSA9ed3,1,1,2,0
8068,l35QweVxgn,4,0,3,2
8069,l35QweVxgn,4,0,2,3
8070,l35QweVxgn,4,0,2,3
8071,l35QweVxgn,4,0,2,3
8072,l35QweVxgn,5,0,3,1
8073,l35QweVxgn,5,0,2,2
8074,l6KZJO7w48,14,0,2,3
8075,l6KZJO7w48,16,0,2,1
8076,l6KZJO7w48,15,1,1,2
8077,l6KZJO7w48,15,0,3,1
8078,l6KZJO7w48,13,0,2,4
8079,l6KZJO7w48,15,0,3,1
8083,l94JabCBGL,2,0,1,0
8084,l94JabCBGL,2,0,0,1
8085,l94JabCBGL,2,0,1,0
8086,l94JabCBGL,2,0,1,0
8087,l94JabCBGL,2,0,0,1
8092,lFkGJ60bGq,0,0,0,3
8093,lFkGJ60bGq,1,0,1,1
8094,lFkGJ60bGq,0,0,2,1
8095,lFkGJ60bGq,0,1,1,1
8096,lFkGJ60bGq,0,0,0,3
8102,lK2AzLDJal,3,0,0,0
8103,lK2AzLDJal,0,0,0,3
8104,lK2AzLDJal,0,0,0,3
8115,lSMTccAN61,2,2,0,2
8116,lSMTccAN61,0,0,4,2
8117,lSMTccAN61,1,0,4,1
8118,lSMTccAN61,2,1,2,1
8119,lSMTccAN61,2,0,2,2
8120,lSMTccAN61,2,0,0,4
8127,lTqCHLllix,2,0,0,0
8128,lTqCHLllix,2,0,0,0
8129,lTqCHLllix,1,0,1,0
8130,lTqCHLllix,1,0,1,0
8131,lV4tqcVIyx,5,0,1,0
8132,lV4tqcVIyx,6,0,0,0
8133,lV4tqcVIyx,6,0,0,0
8134,lV4tqcVIyx,5,0,0,1
8137,lV4tqcVIyx,6,0,0,0
8141,lWyXszYR58,0,6,3,0
8142,lWyXszYR58,5,1,1,2
8143,lWyXszYR58,5,1,1,2
8144,lWyXszYR58,6,0,1,2
8145,lWyXszYR58,6,0,1,2
8164,lgELNxtUNn,6,0,2,5
8165,lgELNxtUNn,8,0,3,2
8166,lgELNxtUNn,6,1,6,0
8167,lgELNxtUNn,10,0,1,2
8168,lgELNxtUNn,8,0,1,4
8169,lgsMOTIAYu,1,0,1,0
8170,lgsMOTIAYu,0,0,2,0
8171,lgsMOTIAYu,1,0,0,1
8172,lgsMOTIAYu,1,0,0,1
8173,lgsMOTIAYu,1,0,0,1
8174,ljNZyrAlaa,2,0,1,1
8175,ljNZyrAlaa,1,0,1,2
8176,ljNZyrAlaa,1,0,1,2
8177,ljNZyrAlaa,1,0,1,2
8178,ljNZyrAlaa,1,0,1,2
8179,ljNZyrAlaa,1,0,2,1
8186,llwW6nVdsa,0,0,2,1
8187,llwW6nVdsa,0,0,2,1
8188,llwW6nVdsa,0,0,2,1
8189,llwW6nVdsa,0,0,3,0
8190,llwW6nVdsa,2,0,0,1
8191,llwW6nVdsa,0,0,1,2
8194,lq8fNVME8v,19,0,1,5
8195,lq8fNVME8v,19,0,1,5
8197,lq8fNVME8v,3,0,14,8
8198,lq8fNVME8v,5,6,4,10
8201,lq8fNVME8v,12,1,4,8
8202,lq8fNVME8v,12,2,5,6
8239,m1IRWFAMsa,0,0,1,2
8240,m1IRWFAMsa,0,0,2,1
8241,m1IRWFAMsa,3,0,0,0
8242,m1IRWFAMsa,0,0,2,1
8243,m1IRWFAMsa,0,0,1,2
8244,m1IRWFAMsa,0,0,0,3
8245,m4TAzup6Yc,11,0,2,3
8246,m4TAzup6Yc,11,0,1,4
8247,m4TAzup6Yc,11,0,1,4
8248,m4TAzup6Yc,10,0,3,3
8249,m4TAzup6Yc,11,0,1,4
8250,m4TAzup6Yc,11,0,1,4
8251,mCsBf1sm4p,1,0,0,1
8252,mCsBf1sm4p,0,0,0,2
8253,mCsBf1sm4p,0,0,1,1
8254,mCsBf1sm4p,0,0,0,2
8255,mCsBf1sm4p,0,0,0,2
8261,mDo8XNqopd,10,0,0,0
8262,mDo8XNqopd,7,0,3,0
8263,mDo8XNqopd,10,0,0,0
8264,mDo8XNqopd,9,0,1,0
8265,mDo8XNqopd,9,0,0,1
8274,mJgkPAFdiK,4,0,0,0
8275,mJgkPAFdiK,3,0,0,1
8276,mJgkPAFdiK,4,0,0,0
8277,mJgkPAFdiK,3,1,0,0
8278,mJgkPAFdiK,4,0,0,0
8281,mJgkPAFdiK,3,0,0,1
8288,mL4i6z7Miy,6,0,0,0
8289,mL4i6z7Miy,6,0,0,0
8290,mL4i6z7Miy,4,0,0,2
8291,mL4i6z7Miy,6,0,0,0
8292,mL4i6z7Miy,6,0,0,0
8293,mL4i6z7Miy,6,0,0,0
8299,mNOx4mKh3F,0,0,1,1
8300,mNOx4mKh3F,0,0,2,0
8307,mOcTXKawFY,11,0,0,0
8308,mOcTXKawFY,11,0,0,0
8309,mOcTXKawFY,4,3,2,2
8310,mOcTXKawFY,11,0,0,0
8311,mOcTXKawFY,11,0,0,0
8312,mOcTXKawFY,10,0,1,0
8313,mWxEAgz3xu,2,0,1,0
8314,mWxEAgz3xu,2,0,1,0
8315,mWxEAgz3xu,2,0,1,0
8316,mWxEAgz3xu,2,0,1,0
8317,mWxEAgz3xu,1,0,2,0
8318,mXn4ueFKnQ,0,4,0,2
8319,mXn4ueFKnQ,0,5,1,0
8320,mXn4ueFKnQ,4,0,0,2
8321,mXn4ueFKnQ,6,0,0,0
8322,mXn4ueFKnQ,0,4,1,1
8323,mXn4ueFKnQ,5,0,0,1
8339,mfBKYcsFmi,4,0,1,1
8340,mfBKYcsFmi,0,0,3,3
8341,mfBKYcsFmi,6,0,0,0
8342,mfBKYcsFmi,3,0,3,0
8343,mfBKYcsFmi,5,0,0,1
8344,mfBKYcsFmi,5,0,1,0
8347,mh2eIxPKMm,5,0,1,0
8348,mh2eIxPKMm,4,0,1,1
8349,mh2eIxPKMm,5,0,0,1
8352,mh2eIxPKMm,6,0,0,0
8353,mh2eIxPKMm,6,0,0,0
8354,mh2eIxPKMm,6,0,0,0
8355,miVCnnDatA,2,0,0,0
8356,miVCnnDatA,2,0,0,0
8357,miVCnnDatA,3,1,1,0
8358,miVCnnDatA,5,0,0,0
8359,miVCnnDatA,5,0,0,0
8360,miVCnnDatA,1,1,3,0
8361,miVCnnDatA,2,0,0,0
8379,mrtg4NmvAe,4,0,0,0
8380,mrtg4NmvAe,4,0,0,0
8381,mrtg4NmvAe,3,0,0,1
8382,mrtg4NmvAe,3,0,0,1
8383,mrtg4NmvAe,3,0,1,0
8384,mtRgrp0u7Z,3,0,2,0
8385,mtRgrp0u7Z,2,0,2,1
8386,mtRgrp0u7Z,1,0,3,1
8387,mtRgrp0u7Z,0,1,3,1
8388,mtRgrp0u7Z,3,0,2,0
8389,mtRgrp0u7Z,3,0,1,1
8396,mvm6NhIT8k,3,0,0,1
8397,mvm6NhIT8k,2,0,0,2
8398,mvm6NhIT8k,1,0,2,1
8399,mvm6NhIT8k,3,0,0,1
8400,mvm6NhIT8k,3,0,0,1
8414,n50Ipdt5d5,15,0,0,1
8415,n50Ipdt5d5,14,0,0,2
8418,n50Ipdt5d5,14,0,0,2
8419,n50Ipdt5d5,14,0,1,1
8420,n50Ipdt5d5,11,0,3,2
8421,n50Ipdt5d5,12,0,1,3
8428,nB0TrIRAs1,9,0,1,2
8429,nB0TrIRAs1,8,0,2,2
8430,nB0TrIRAs1,7,1,3,1
8431,nB0TrIRAs1,8,0,1,3
8432,nB0TrIRAs1,6,0,2,4
8433,nB0TrIRAs1,7,0,1,4
8439,nDfDnsyllY,7,3,0,0
8440,nDfDnsyllY,7,0,0,3
8441,nDfDnsyllY,7,0,0,3
8442,nDfDnsyllY,7,0,1,2
8443,nDfDnsyllY,9,0,0,1
8444,nDfDnsyllY,8,0,0,2
8450,nEQYu4ndGA,3,4,1,1
8451,nEQYu4ndGA,1,7,0,1
8452,nEQYu4ndGA,3,4,0,2
8453,nEQYu4ndGA,8,0,0,1
8454,nEQYu4ndGA,8,0,0,1
8455,nEQYu4ndGA,9,0,0,0
8461,nNBMlUWEKi,2,0,0,1
8462,nNBMlUWEKi,1,0,0,2
8463,nNBMlUWEKi,2,0,0,1
8464,nNBMlUWEKi,1,0,0,2
8465,nNBMlUWEKi,2,0,0,1
8466,nPC7M7XLEv,6,0,1,1
8467,nPC7M7XLEv,0,5,2,1
8468,nPC7M7XLEv,5,0,1,2
8469,nPC7M7XLEv,1,3,2,2
8470,nPC7M7XLEv,6,0,1,1
8471,nPC7M7XLEv,6,0,1,1
8489,naOfcXps5e,0,0,1,1
8490,naOfcXps5e,1,0,1,0
8491,naOfcXps5e,0,0,2,0
8492,naOfcXps5e,0,0,1,1
8493,naOfcXps5e,0,0,1,1
8494,naOfcXps5e,0,0,2,0
8495,nbU2LNYdZN,6,0,1,0
8496,nbU2LNYdZN,7,0,0,0
8497,nbU2LNYdZN,4,0,1,2
8498,nbU2LNYdZN,7,0,0,0
8499,nbU2LNYdZN,7,0,0,0
8500,nbU2LNYdZN,6,0,0,1
8501,nbkYuKIcXr,1,0,2,0
8502,nbkYuKIcXr,1,1,1,0
8503,nbkYuKIcXr,1,2,0,0
8504,nbkYuKIcXr,1,0,1,1
8505,nbkYuKIcXr,2,0,1,0
8523,niQUth28zn,5,0,0,1
8524,niQUth28zn,5,0,1,0
8525,niQUth28zn,6,0,0,0
8526,niQUth28zn,5,0,0,1
8527,niQUth28zn,5,0,1,0
8528,nj1oXU2tln,0,3,0,0
8529,nj1oXU2tln,3,0,0,0
8530,nj1oXU2tln,3,0,0,0
8531,nj1oXU2tln,0,3,0,0
8532,nj1oXU2tln,0,3,0,0
8533,nj1oXU2tln,0,3,0,0
8545,no9dQDBxsu,2,0,1,4
8546,no9dQDBxsu,3,0,0,4
8547,no9dQDBxsu,4,0,0,3
8548,nqnlfxuN8x,0,0,2,0
8549,nqnlfxuN8x,0,0,2,0
8550,nqnlfxuN8x,0,0,1,1
8551,nqnlfxuN8x,0,0,2,0
8552,nqnlfxuN8x,0,0,1,1
8553,nqnlfxuN8x,0,0,2,0
8567,o1Tn2ie0Wy,3,0,0,0
8568,o1Tn2ie0Wy,1,0,0,2
8569,o1Tn2ie0Wy,2,0,0,1
8570,o1Tn2ie0Wy,1,0,0,2
8576,o3gN27ITWV,0,0,2,0
8577,o3gN27ITWV,0,0,2,0
8578,o3gN27ITWV,0,0,2,0
8579,o3gN27ITWV,0,0,1,1
8580,o3gN27ITWV,0,0,2,0
8581,o3gN27ITWV,1,0,1,0
8582,o54x4zOWuy,3,0,1,0
8583,o54x4zOWuy,2,0,1,1
8584,o54x4zOWuy,3,0,0,1
8585,o54x4zOWuy,3,0,0,1
8589,oBgLvd5YC6,0,1,0,3
8590,oBgLvd5YC6,0,0,1,3
8591,oBgLvd5YC6,0,0,3,1
8592,oBgLvd5YC6,0,0,3,1
8593,oBgLvd5YC6,0,0,2,2
8594,oBgLvd5YC6,3,0,1,0
8595,oCNT5PcMSQ,7,0,0,4
8596,oCNT5PcMSQ,5,0,2,4
8597,oCNT5PcMSQ,3,0,5,3
8598,oCNT5PcMSQ,10,0,1,0
8602,oLmwqIhzqj,2,0,1,2
8603,oLmwqIhzqj,3,0,1,1
8604,oLmwqIhzqj,3,0,1,1
8605,oLmwqIhzqj,1,3,1,0
8606,oLmwqIhzqj,4,0,1,0
8607,oLmwqIhzqj,2,0,0,3
8621,oUv02QKUxG,7,0,0,1
8622,oUv02QKUxG,6,0,0,2
8623,oUv02QKUxG,6,0,0,2
8624,oUv02QKUxG,6,0,0,2
8625,oUv02QKUxG,5,0,0,3
8659,oiMjaUbSWp,9,0,1,5
8660,oiMjaUbSWp,1,0,0,1
8661,oiMjaUbSWp,7,2,3,3
8662,oiMjaUbSWp,1,0,0,1
8663,oiMjaUbSWp,10,0,2,3
8664,oiMjaUbSWp,9,0,3,3
8665,oiMjaUbSWp,1,0,0,1
8666,okzQ1x71pS,5,0,0,1
8667,okzQ1x71pS,3,0,1,2
8668,okzQ1x71pS,1,0,2,3
8669,okzQ1x71pS,0,0,2,4
8670,okzQ1x71pS,5,0,0,1
8671,okzQ1x71pS,5,0,0,1
8680,omkG80XURl,7,1,3,4
8681,omkG80XURl,10,0,2,3
8682,omkG80XURl,10,0,0,5
8683,omkG80XURl,9,0,2,4
8684,omkG80XURl,10,0,0,5
8685,omkG80XURl,8,1,2,4
8689,opfSL15Uc4,1,0,1,1
8690,opfSL15Uc4,2,0,0,1
8691,opfSL15Uc4,0,0,2,1
8692,opfSL15Uc4,0,2,0,1
8693,opfSL15Uc4,1,0,2,0
8694,oqkiE71wrC,9,0,2,0
8695,oqkiE71wrC,8,0,3,0
8696,oqkiE71wrC,6,0,2,3
8697,oqkiE71wrC,11,0,0,0
8716,ov240fehF6,2,0,4,0
8717,ov240fehF6,0,2,4,0
8718,ov240fehF6,0,0,6,0
8719,ov240fehF6,0,0,5,1
8720,ov240fehF6,2,0,4,0
8721,ov240fehF6,3,0,3,0
8722,p1GwEz0pix,0,0,1,1
8723,p1GwEz0pix,0,0,2,0
8724,p1GwEz0pix,0,0,2,0
8725,p1GwEz0pix,0,0,2,0
8726,p1GwEz0pix,0,0,1,1
8727,p1GwEz0pix,0,0,1,1
8736,pG9Wn3Aheq,0,0,2,0
8737,pG9Wn3Aheq,0,0,1,1
8738,pG9Wn3Aheq,1,0,1,0
8758,pRgUJfrFw9,2,0,0,0
8759,pRgUJfrFw9,0,0,2,0
8760,pRgUJfrFw9,0,0,2,0
8761,pRgUJfrFw9,0,0,1,1
8762,pRgUJfrFw9,2,0,0,0
8763,pRgUJfrFw9,2,0,0,0
8764,pYI0WjV5iM,12,0,0,1
8765,pYI0WjV5iM,9,0,1,3
8766,pYI0WjV5iM,7,0,3,3
8767,pYI0WjV5iM,10,0,1,2
8768,pYI0WjV5iM,7,0,3,3
8769,pYI0WjV5iM,9,0,1,3
8770,pZNo1YWT5x,2,0,0,0
8771,pZNo1YWT5x,1,0,1,0
8772,pZNo1YWT5x,1,0,1,0
8773,pZNo1YWT5x,1,0,0,1
8774,pZNo1YWT5x,2,0,0,0
8775,pc7fqaOcAH,1,0,0,1
8776,pc7fqaOcAH,0,0,1,1
8777,pc7fqaOcAH,1,0,1,0
8778,pc7fqaOcAH,1,0,0,1
8779,pc7fqaOcAH,1,0,0,1
8787,piWlEHb4Db,4,0,0,1
8788,piWlEHb4Db,1,0,0,4
8789,piWlEHb4Db,4,0,0,1
8792,piWlEHb4Db,1,0,0,4
8793,piWlEHb4Db,4,0,0,1
8794,piWlEHb4Db,4,0,0,1
8802,ppIhZgFCTI,1,0,1,1
8803,ppIhZgFCTI,2,0,0,1
8804,ppIhZgFCTI,1,0,0,2
8805,ppIhZgFCTI,1,0,0,2
8806,ppIhZgFCTI,1,0,0,2
8807,prvGhNz39e,0,0,0,2
8808,prvGhNz39e,1,0,1,0
8809,prvGhNz39e,0,0,2,0
8810,prvGhNz39e,1,0,1,0
8811,prvGhNz39e,2,0,0,0
8812,prvGhNz39e,0,0,2,0
8821,puNfWfBFNT,0,0,1,2
8822,puNfWfBFNT,1,0,1,1
8823,puNfWfBFNT,0,0,1,2
8824,puNfWfBFNT,1,0,2,0
8825,puNfWfBFNT,1,0,2,0
8826,puNfWfBFNT,2,0,1,0
8843,pws8t4kBP4,5,0,0,0
8844,pws8t4kBP4,5,0,0,0
8845,pws8t4kBP4,5,0,0,0
8846,pws8t4kBP4,0,0,3,2
8847,pws8t4kBP4,5,0,0,0
8848,pws8t4kBP4,5,0,0,0
8856,q1KhliMwKP,5,3,5,1
8857,q1KhliMwKP,6,4,4,0
8858,q1KhliMwKP,11,0,2,1
8859,q1KhliMwKP,10,2,2,0
8860,q1KhliMwKP,10,0,3,1
8861,q1KhliMwKP,11,0,2,1
8869,q7mB5s1ie1,9,1,2,4
8871,q7mB5s1ie1,11,1,2,2
8873,q7mB5s1ie1,9,1,2,4
8874,q7mB5s1ie1,11,0,2,3
8875,q7mB5s1ie1,11,1,2,2
8888,qC9FEfYjai,12,0,2,2
8890,qC9FEfYjai,7,4,1,4
8892,qC9FEfYjai,8,0,6,2
8893,qC9FEfYjai,5,7,3,1
8894,qC9FEfYjai,14,0,1,1
8895,qC9FEfYjai,14,0,1,1
8908,qMI1xD8O3x,0,0,2,0
8909,qMI1xD8O3x,1,0,1,0
8910,qMI1xD8O3x,1,0,1,0
8911,qMI1xD8O3x,1,0,1,0
8912,qMI1xD8O3x,0,0,1,1
8913,qMI1xD8O3x,1,0,1,0
8919,qSNU4NmDpE,5,0,1,1
8920,qSNU4NmDpE,5,0,0,2
8921,qSNU4NmDpE,5,0,0,2
8922,qSNU4NmDpE,5,0,0,2
8923,qSNU4NmDpE,4,0,0,3
8924,qV7yFzdK1R,3,0,0,2
8925,qV7yFzdK1R,3,0,0,2
8926,qV7yFzdK1R,3,0,1,1
8927,qV7yFzdK1R,3,0,1,1
8928,qV7yFzdK1R,3,0,0,2
8934,qXlovWytwg,10,0,1,2
8935,qXlovWytwg,9,0,1,3
8936,qXlovWytwg,7,0,2,4
8937,qXlovWytwg,9,0,1,3
8938,qXlovWytwg,10,0,1,2
8939,qXlovWytwg,9,0,1,3
8946,qZVcGlU5lN,1,0,0,1
8947,qZVcGlU5lN,0,0,1,1
8948,qZVcGlU5lN,2,0,0,0
8949,qZVcGlU5lN,1,0,1,0
8950,qZVcGlU5lN,1,0,0,1
8951,qZVcGlU5lN,1,0,0,1
8965,qhG8ONjZK0,0,0,1,3
8966,qhG8ONjZK0,0,1,1,2
8967,qhG8ONjZK0,0,0,2,2
8968,qhG8ONjZK0,0,0,1,3
8969,qhG8ONjZK0,0,0,3,1
8970,qhG8ONjZK0,2,0,1,1
8971,qj4EnIvNU4,0,0,1,1
8973,qj4EnIvNU4,1,0,0,1
8974,qj4EnIvNU4,0,0,1,1
8975,qj4EnIvNU4,0,1,1,0
8976,qj4EnIvNU4,0,0,1,1
9007,qz0ChfFkiZ,2,0,0,0
9008,qz0ChfFkiZ,1,0,0,1
9009,qz0ChfFkiZ,0,0,1,1
9010,qz0ChfFkiZ,1,0,1,0
9011,qz0ChfFkiZ,1,0,1,0
9012,qz0ChfFkiZ,2,0,0,0
9015,r3PKGNlKET,2,0,1,1
9016,r3PKGNlKET,2,0,1,1
9017,r3PKGNlKET,2,0,1,1
9018,r3PKGNlKET,0,2,1,1
9019,r3PKGNlKET,2,0,1,1
9020,r3PKGNlKET,2,0,1,1
9021,r3h23Jv26a,9,1,1,1
9023,r3h23Jv26a,4,0,7,1
9024,r3h23Jv26a,6,1,3,2
9027,r3h23Jv26a,10,0,1,1
9028,r3h23Jv26a,9,1,2,0
9029,r6wfuAKmVb,0,0,2,0
9030,r6wfuAKmVb,0,1,1,0
9031,r6wfuAKmVb,1,0,1,0
9032,r6wfuAKmVb,0,1,1,0
9033,r6wfuAKmVb,0,1,1,0
9034,r6wfuAKmVb,0,1,1,0
9050,rEqVnZZOiA,3,0,1,0
9051,rEqVnZZOiA,3,0,1,0
9052,rEqVnZZOiA,3,0,1,0
9053,rEqVnZZOiA,1,1,2,0
9054,rEqVnZZOiA,3,0,1,0
9055,rEzGzILnVC,0,0,0,2
9056,rEzGzILnVC,0,0,0,2
9063,rHndxbqWyh,2,0,0,0
9064,rHndxbqWyh,0,0,1,1
9065,rHndxbqWyh,1,0,1,0
9066,rHndxbqWyh,1,0,0,1
9067,rHndxbqWyh,2,0,0,0
9068,rHndxbqWyh,0,0,1,1
9069,rIbK1X14la,4,0,0,1
9070,rIbK1X14la,3,0,1,1
9071,rIbK1X14la,4,0,0,1
9072,rIbK1X14la,4,0,0,1
9073,rIbK1X14la,4,0,0,1
9074,rIbK1X14la,3,0,0,2
9075,rJ2gMA21ZW,0,0,1,1
9076,rJ2gMA21ZW,0,0,1,1
9077,rJ2gMA21ZW,0,0,1,1
9078,rJ2gMA21ZW,1,0,0,1
9079,rJ2gMA21ZW,1,0,0,1
9080,rJ2gMA21ZW,1,0,0,1
9086,rKD8HtgY8G,0,0,1,1
9087,rKD8HtgY8G,0,0,1,1
9088,rKD8HtgY8G,2,0,0,0
9089,rKD8HtgY8G,2,0,0,0
9090,rKD8HtgY8G,2,0,0,0
9102,rO2yyZiy4v,4,0,1,2
9103,rO2yyZiy4v,4,0,1,2
9104,rO2yyZiy4v,6,0,1,0
9105,rO2yyZiy4v,4,0,0,3
9106,rO2yyZiy4v,6,0,0,1
9107,rO2yyZiy4v,4,0,0,3
9133,rZTiFcDihH,9,0,4,4
9134,rZTiFcDihH,12,0,5,0
9135,rZTiFcDihH,12,1,3,1
9136,rZTiFcDihH,8,1,4,4
9137,rZTiFcDihH,8,0,5,4
9138,rZTiFcDihH,8,0,5,4
9139,ra2t1V4nml,10,0,1,2
9142,ra2t1V4nml,3,0,5,5
9143,ra2t1V4nml,5,0,5,3
9145,ra2t1V4nml,9,0,2,2
9146,ra2t1V4nml,10,0,1,2
9147,ra2t1V4nml,9,0,2,2
9148,raKcsJbVDY,1,0,0,1
9149,raKcsJbVDY,0,0,2,0
9150,raKcsJbVDY,0,0,0,2
9151,raKcsJbVDY,0,0,0,2
9152,raKcsJbVDY,0,0,1,1
9172,rlVGCyjqnt,0,0,2,0
9173,rlVGCyjqnt,0,0,1,1
9174,rlVGCyjqnt,0,0,2,0
9175,rlVGCyjqnt,0,0,2,0
9176,rlVGCyjqnt,0,0,2,0
9188,ronJusfDvK,0,0,2,1
9189,ronJusfDvK,0,0,2,1
9190,ronJusfDvK,1,0,1,1
9191,ronJusfDvK,1,0,1,1
9192,ronJusfDvK,0,0,1,2
9193,ronJusfDvK,0,0,2,1
9212,ry5HitnXzc,8,0,2,3
9213,ry5HitnXzc,10,0,2,1
9214,ry5HitnXzc,7,0,2,4
9215,ry5HitnXzc,7,0,4,2
9216,ry5HitnXzc,10,0,1,2
9217,rzBAQT2Fkg,1,0,1,0
9218,rzBAQT2Fkg,0,0,2,0
9219,rzBAQT2Fkg,1,0,1,0
9220,rzBAQT2Fkg,1,0,1,0
9221,rzBAQT2Fkg,1,0,1,0
9222,rzBAQT2Fkg,1,0,1,0
9223,s0Q8nVsrMu,0,0,0,2
9224,s0Q8nVsrMu,0,0,1,1
9225,s0Q8nVsrMu,0,0,1,1
9226,s1CYkVHVvf,2,0,0,0
9227,s1CYkVHVvf,1,0,0,1
9229,s1CYkVHVvf,1,0,0,1
9231,s1CYkVHVvf,0,2,0,0
9233,s1CYkVHVvf,2,0,0,0
9241,s6Vno2TwLJ,1,1,0,0
9242,s6Vno2TwLJ,0,2,0,0
9243,s6Vno2TwLJ,0,0,0,2
9244,s6Vno2TwLJ,0,2,0,0
9245,s6Vno2TwLJ,1,0,0,1
9246,s6Vno2TwLJ,1,0,0,1
9247,s7wV3xGQFL,0,1,2,1
9248,s7wV3xGQFL,4,0,0,0
9249,s7wV3xGQFL,4,0,0,0
9250,s7wV3xGQFL,3,1,0,0
9251,s7wV3xGQFL,2,0,2,0
9252,s87tQaKAER,0,0,1,2
9253,s87tQaKAER,0,0,1,2
9254,s87tQaKAER,3,0,0,0
9255,s87tQaKAER,3,0,0,0
9256,s87tQaKAER,3,0,0,0
9257,s87tQaKAER,3,0,0,0
9270,sJ7ngz2eQx,0,4,0,0
9271,sJ7ngz2eQx,4,0,0,0
9272,sJ7ngz2eQx,0,4,0,0
9273,sJ7ngz2eQx,4,0,0,0
9274,sJ7ngz2eQx,4,0,0,0
9275,sJ7ngz2eQx,4,0,0,0
9292,sW8U2TYDMp,9,0,0,1
9293,sW8U2TYDMp,9,0,0,1
9294,sW8U2TYDMp,9,0,0,1
9295,sW8U2TYDMp,2,6,0,2
9296,sW8U2TYDMp,7,1,0,2
9297,sW8U2TYDMp,9,0,1,0
9298,scnRgI2hhX,6,0,2,4
9299,scnRgI2hhX,7,0,1,4
9300,scnRgI2hhX,6,0,1,5
9301,scnRgI2hhX,7,0,1,4
9302,scnRgI2hhX,5,0,3,4
9303,scnRgI2hhX,8,0,1,3
9304,sf6Tb61vNn,2,0,0,0
9305,sf6Tb61vNn,2,0,0,0
9314,sfroJn43YY,0,0,2,0
9315,sfroJn43YY,0,0,2,0
9316,sfroJn43YY,0,0,1,1
9317,sfroJn43YY,0,0,2,0
9318,sfroJn43YY,0,0,1,1
9319,sfroJn43YY,0,0,2,0
9320,sg94PRd3kD,1,0,0,2
9321,sg94PRd3kD,1,0,0,2
9322,sg94PRd3kD,1,0,0,2
9323,sg94PRd3kD,1,0,0,2
9330,sj5OQIMAsp,4,0,0,0
9331,sj5OQIMAsp,3,1,0,0
9332,sj5OQIMAsp,4,0,0,0
9333,sj5OQIMAsp,4,0,0,0
9334,sj5OQIMAsp,4,0,0,0
9341,srIStBTJiu,1,0,0,2
9342,srIStBTJiu,1,0,0,2
9343,srIStBTJiu,0,1,1,1
9344,srIStBTJiu,2,0,0,1
9345,srIStBTJiu,2,0,0,1
9346,srIStBTJiu,2,0,0,1
9354,suwjabuQDY,1,1,0,0
9355,suwjabuQDY,2,0,0,0
9356,suwjabuQDY,1,0,0,1
9357,suwjabuQDY,2,0,0,0
9358,sxLncu2Fhx,2,0,0,0
9359,sxLncu2Fhx,1,0,0,1
9362,sxLncu2Fhx,0,0,0,2
9363,sxLncu2Fhx,0,0,0,2
9364,sxLncu2Fhx,1,0,0,1
9365,syG9I9ofd8,0,2,4,1
9366,syG9I9ofd8,5,1,1,0
9367,syG9I9ofd8,5,0,0,2
9368,syG9I9ofd8,0,4,2,1
9369,syG9I9ofd8,1,0,4,2
9370,syG9I9ofd8,6,0,1,0
9376,t4SltdwuLF,2,0,2,0
9377,t4SltdwuLF,3,0,1,0
9378,t4SltdwuLF,4,0,0,0
9379,t4SltdwuLF,4,0,0,0
9380,t4SltdwuLF,3,0,1,0
9385,t73XUJvyQr,1,0,1,1
9386,t73XUJvyQr,0,0,2,1
9387,t73XUJvyQr,3,0,0,0
9388,t73XUJvyQr,3,0,0,0
9389,t73XUJvyQr,3,0,0,0
9393,tAhdexEwnz,0,0,2,0
9394,tAhdexEwnz,0,0,2,0
9395,tAhdexEwnz,0,0,2,0
9396,tAhdexEwnz,0,0,2,0
9397,tAhdexEwnz,0,0,2,0
9401,tI5CFbRhmV,0,1,4,1
9402,tI5CFbRhmV,2,1,1,2
9403,tI5CFbRhmV,3,0,2,1
9404,tI5CFbRhmV,0,0,5,1
9405,tI5CFbRhmV,2,1,3,0
9406,tI5CFbRhmV,5,0,1,0
9407,tJP3FxzSPs,0,0,2,1
9408,tJP3FxzSPs,0,0,3,0
9409,tJP3FxzSPs,0,0,2,1
9410,tJP3FxzSPs,0,0,1,2
9411,tJP3FxzSPs,0,0,3,0
9412,tJP3FxzSPs,0,0,1,2
9413,tJuroOO1ob,1,0,0,1
9414,tJuroOO1ob,0,0,1,1
9415,tJuroOO1ob,0,0,1,1
9416,tJuroOO1ob,1,0,0,1
9417,tJuroOO1ob,0,0,0,2
9418,tNvmMTsRqh,2,0,3,3
9419,tNvmMTsRqh,7,0,1,0
9420,tNvmMTsRqh,6,1,1,0
9421,tNvmMTsRqh,7,0,1,0
9422,tNvmMTsRqh,6,0,2,0
9434,tRbgtWwmHB,0,0,2,0
9435,tRbgtWwmHB,0,0,2,0
9436,tRsnpaRO0m,6,0,1,0
9437,tRsnpaRO0m,0,5,1,1
9438,tRsnpaRO0m,6,0,1,0
9439,tRsnpaRO0m,5,0,1,1
9440,tRsnpaRO0m,1,4,1,1
9441,tRsnpaRO0m,1,4,1,1
9442,tYUt9ffVcD,2,1,0,2
9443,tYUt9ffVcD,4,0,1,0
9444,tYUt9ffVcD,4,0,1,0
9445,tYUt9ffVcD,4,0,1,0
9446,tYUt9ffVcD,2,0,1,2
9447,tiF3tA5pau,7,1,0,3
9448,tiF3tA5pau,7,1,1,2
9449,tiF3tA5pau,6,0,1,4
9450,tiF3tA5pau,7,0,0,4
9451,tiF3tA5pau,9,0,1,1
9452,tiF3tA5pau,9,0,0,2
9453,tiPoSBaOiY,0,0,2,0
9454,tiPoSBaOiY,0,0,2,0
9455,tiPoSBaOiY,0,0,0,2
9456,tiPoSBaOiY,0,0,0,2
9457,tibRKqUHcv,5,0,0,1
9458,tibRKqUHcv,5,0,0,1
9459,tibRKqUHcv,5,0,0,1
9460,tibRKqUHcv,5,0,0,1
9461,tibRKqUHcv,3,1,0,2
9472,tlFTFDLVD3,0,0,0,2
9473,tlFTFDLVD3,0,0,0,2
9474,tlFTFDLVD3,0,0,0,2
9475,tm6K5K4t25,0,2,0,1
9476,tm6K5K4t25,3,0,0,0
9477,tm6K5K4t25,0,0,1,2
9478,tm6K5K4t25,0,0,2,1
9479,tm6K5K4t25,0,0,0,3
9480,tm6K5K4t25,0,0,0,3
9481,tn00ERVdgL,3,0,0,0
9482,tn00ERVdgL,3,0,0,0
9483,tn00ERVdgL,1,0,2,0
9484,tn00ERVdgL,2,0,0,1
9485,tn00ERVdgL,1,0,2,0
9495,trn64znfNx,0,0,8,7
9496,trn64znfNx,11,0,1,3
9497,trn64znfNx,11,0,1,3
9498,trn64znfNx,12,0,1,2
9499,trn64znfNx,10,0,1,4
9500,trn64znfNx,2,0,2,0
9501,trn64znfNx,3,0,0,1
9502,trn64znfNx,3,0,0,1
9503,ttOGqk77go,2,0,1,1
9504,ttOGqk77go,1,0,0,3
9506,ttOGqk77go,0,0,4,0
9508,ttOGqk77go,1,0,0,3
9511,ttOGqk77go,1,0,1,2
9512,txswvMHt4u,0,1,2,0
9513,txswvMHt4u,1,1,1,0
9514,txswvMHt4u,0,0,1,2
9515,txswvMHt4u,0,2,1,0
9516,txswvMHt4u,3,0,0,0
9535,u6zp8zZ8Ou,14,0,0,4
9537,u6zp8zZ8Ou,13,0,2,3
9539,u6zp8zZ8Ou,13,0,2,3
9541,u6zp8zZ8Ou,10,0,5,3
9542,u7qkL3ryE4,0,0,0,2
9543,u7qkL3ryE4,0,0,0,2
9544,u7qkL3ryE4,1,0,1,0
9545,u7qkL3ryE4,0,0,0,2
9546,u7qkL3ryE4,0,0,0,2
9560,uG4IOdaAGk,2,0,0,0
9561,uG4IOdaAGk,0,2,0,0
9562,uG4IOdaAGk,0,2,0,0
9563,uG4IOdaAGk,2,0,0,0
9564,uG4IOdaAGk,1,0,0,1
9582,uPHdNikfdo,2,2,1,0
9583,uPHdNikfdo,1,0,2,2
9584,uPHdNikfdo,4,0,1,0
9585,uPHdNikfdo,5,0,0,0
9586,uPHdNikfdo,4,0,1,0
9587,uPHdNikfdo,5,0,0,0
9598,uQyGNzf4XM,2,0,0,2
9599,uQyGNzf4XM,1,0,2,1
9600,uQyGNzf4XM,3,0,1,0
9601,uQyGNzf4XM,3,0,1,0
9602,uQyGNzf4XM,2,0,0,2
9605,uYWVGk1Qt0,16,0,4,1
9606,uYWVGk1Qt0,16,0,3,2
9607,uYWVGk1Qt0,19,0,2,0
9608,uYWVGk1Qt0,17,0,3,1
9609,uYWVGk1Qt0,16,0,4,1
9610,uYWVGk1Qt0,18,2,1,0
9611,uZ8JZ1Lw9a,1,0,0,2
9612,uZ8JZ1Lw9a,1,0,1,1
9636,ueNIrBXz7R,0,0,2,1
9637,ueNIrBXz7R,0,0,0,3
9638,ueNIrBXz7R,0,0,1,2
9639,ueNIrBXz7R,0,0,1,2
9643,ugjBMARbyt,0,5,1,4
9644,ugjBMARbyt,0,5,1,4
9645,ugjBMARbyt,1,5,0,4
9646,ugjBMARbyt,2,4,0,4
9647,ugjBMARbyt,3,3,0,4
9648,ugjBMARbyt,4,3,0,3
9649,uhNn8S6rEb,0,0,1,1
9650,uhNn8S6rEb,0,0,0,2
9651,uhNn8S6rEb,0,0,0,2
9652,uhNn8S6rEb,0,0,0,2
9653,uhNn8S6rEb,0,0,2,0
9654,uhNn8S6rEb,0,0,0,2
9655,uiw8P2JGbW,14,0,0,2
9656,uiw8P2JGbW,14,0,0,2
9657,uiw8P2JGbW,14,0,1,1
9658,uiw8P2JGbW,14,0,0,2
9659,uiw8P2JGbW,14,0,1,1
9660,uiw8P2JGbW,14,0,0,2
9682,usZLsN3Dnv,0,0,1,2
9683,usZLsN3Dnv,3,0,0,0
9684,usZLsN3Dnv,3,0,0,0
9685,usZLsN3Dnv,3,0,0,0
9686,usZLsN3Dnv,2,0,0,1
9692,uuD1rE5KU5,3,0,0,3
9693,uuD1rE5KU5,3,0,1,2
9694,uuD1rE5KU5,4,0,1,1
9695,uuD1rE5KU5,4,0,1,1
9696,uuD1rE5KU5,4,0,0,2
9697,uurjpxrLc5,2,0,0,0
9698,uurjpxrLc5,0,0,0,2
9699,uurjpxrLc5,2,0,0,0
9700,uurjpxrLc5,2,0,0,0
9705,uyizpRy7kS,1,0,1,0
9706,uyizpRy7kS,2,0,0,0
9707,uyizpRy7kS,2,0,0,0
9708,uyizpRy7kS,2,0,0,0
9709,uyizpRy7kS,2,0,0,0
9730,v2rdJBVVEt,1,0,0,2
9731,v2rdJBVVEt,2,0,0,1
9732,v2rdJBVVEt,2,0,0,1
9733,v2rdJBVVEt,0,0,3,0
9734,v2rdJBVVEt,1,0,1,1
9735,v2rdJBVVEt,1,0,1,1
9760,vCc2NAe0OS,3,0,1,2
9761,vCc2NAe0OS,0,1,3,2
9762,vCc2NAe0OS,0,3,2,1
9763,vCc2NAe0OS,1,0,4,1
9764,vCc2NAe0OS,0,1,5,0
9765,vCc2NAe0OS,3,0,1,2
9778,vIZz7LvObC,0,0,4,0
9779,vIZz7LvObC,1,0,3,0
9780,vIZz7LvObC,1,0,3,0
9781,vIZz7LvObC,2,0,2,0
9792,vMcu1h3fOV,0,1,1,2
9793,vMcu1h3fOV,3,0,0,1
9794,vMcu1h3fOV,0,2,2,0
9795,vMcu1h3fOV,3,0,1,0
9813,vPGmYeL1rG,0,0,2,0
9814,vPGmYeL1rG,0,0,0,2
9825,vSzRJyg6k0,1,0,2,5
9826,vSzRJyg6k0,0,0,2,1
9827,vSzRJyg6k0,1,1,5,1
9828,vSzRJyg6k0,0,1,5,2
9829,vSzRJyg6k0,0,0,1,2
9830,vSzRJyg6k0,3,0,3,2
9831,vSzRJyg6k0,0,0,1,2
9832,vSzRJyg6k0,2,0,0,6
9833,vT5PBMLBvx,4,0,0,0
9834,vT5PBMLBvx,1,0,1,2
9835,vT5PBMLBvx,1,0,1,2
9836,vT5PBMLBvx,2,0,1,1
9837,vT5PBMLBvx,0,1,2,1
9852,vVoaUGCMGY,2,0,0,1
9854,vVoaUGCMGY,2,0,1,0
9855,vVoaUGCMGY,2,0,0,1
9856,vVoaUGCMGY,3,0,0,0
9857,vVoaUGCMGY,2,0,0,1
9864,vaApZm6MKM,11,0,1,0
9865,vaApZm6MKM,5,0,3,4
9866,vaApZm6MKM,11,0,0,1
9867,vaApZm6MKM,12,0,0,0
9868,vaApZm6MKM,12,0,0,0
9869,vaApZm6MKM,6,0,3,3
9871,vbty65Z76C,1,0,3,1
9872,vbty65Z76C,1,0,2,2
9873,vbty65Z76C,1,0,0,4
9875,vbty65Z76C,3,0,0,2
9876,vbty65Z76C,2,0,1,2
9885,vmMAa2HGP9,2,0,0,0
9886,vmMAa2HGP9,2,0,0,0
9887,vmMAa2HGP9,0,0,0,2
9888,vmMAa2HGP9,2,0,0,0
9889,vmMAa2HGP9,0,0,1,1
9901,vqxprtjuKH,3,1,1,8
9902,vqxprtjuKH,7,0,3,3
9903,vqxprtjuKH,7,0,1,5
9904,vqxprtjuKH,11,0,1,1
9905,vqxprtjuKH,10,0,3,0
9906,vqxprtjuKH,6,1,1,5
9919,vwTTp11PTD,3,0,0,2
9920,vwTTp11PTD,3,0,0,2
9921,vwTTp11PTD,0,3,2,0
9922,vwTTp11PTD,4,0,0,1
9923,vwTTp11PTD,4,0,0,1
9930,w0JhOFWPJl,1,0,2,0
9931,w0JhOFWPJl,1,0,2,0
9932,w0JhOFWPJl,1,0,1,1
9933,w0JhOFWPJl,1,0,2,0
9934,w0JhOFWPJl,0,0,3,0
9935,w0JhOFWPJl,1,0,1,1
9962,wIMGGV9l1i,8,0,1,2
9963,wIMGGV9l1i,9,0,0,2
9964,wIMGGV9l1i,9,0,0,2
9965,wIMGGV9l1i,9,0,0,2
9966,wIMGGV9l1i,8,1,0,2
9967,wIMGGV9l1i,9,0,0,2
9973,wNL0qGb2MN,0,0,0,2
9974,wNL0qGb2MN,0,0,1,1
9975,wOAslbdI1r,0,0,2,0
9976,wOAslbdI1r,0,0,2,0
9977,wOAslbdI1r,0,0,2,0
9978,wOAslbdI1r,0,0,2,0
9979,wOAslbdI1r,0,0,2,0
9980,wOAslbdI1r,0,0,2,0
9986,wRVTDcEMv8,9,0,1,5
9987,wRVTDcEMv8,7,0,1,7
9988,wRVTDcEMv8,8,0,1,6
9989,wRVTDcEMv8,9,0,1,5
9990,wRVTDcEMv8,11,0,1,3
9991,wRVTDcEMv8,11,0,3,1
9992,wTgx7b2D9r,0,0,2,0
9993,wTgx7b2D9r,0,0,2,0
9994,wTgx7b2D9r,0,0,1,1
9995,wTgx7b2D9r,1,0,1,0
9996,wTgx7b2D9r,0,0,2,0
9997,wTgx7b2D9r,0,0,2,0
10004,wbXPNPw5jW,0,0,0,2
10005,wbXPNPw5jW,0,1,0,1
10006,wbXPNPw5jW,0,0,1,1
10007,wbXPNPw5jW,0,0,0,2
10008,wbXPNPw5jW,0,0,1,1
10009,wbXPNPw5jW,0,0,1,1
10012,weMYE1B16x,0,0,2,0
10014,weMYE1B16x,0,0,2,0
10015,weMYE1B16x,1,0,1,0
10016,weMYE1B16x,0,0,1,1
10017,weMYE1B16x,0,0,1,1
10018,weMYE1B16x,0,0,1,1
10022,wg02GN1ygj,1,0,1,0
10023,wg02GN1ygj,1,0,1,0
10024,wg02GN1ygj,0,0,2,0
10025,wg02GN1ygj,1,0,1,0
10026,wg02GN1ygj,1,0,1,0
10027,wg02GN1ygj,1,0,1,0
10041,wm3ABfhE7P,3,0,1,0
10042,wm3ABfhE7P,4,0,0,0
10043,wm3ABfhE7P,4,0,0,0
10044,wm3ABfhE7P,4,0,0,0
10045,wm3ABfhE7P,3,0,1,0
10053,wnfPEhGqic,6,0,0,0
10056,wnfPEhGqic,6,0,0,0
10057,wnfPEhGqic,6,0,0,0
10058,wnfPEhGqic,6,0,0,0
10059,wnfPEhGqic,6,0,0,0
10071,woocESr6ga,0,0,1,1
10072,woocESr6ga,1,0,1,0
10073,woocESr6ga,0,0,1,1
10074,woocESr6ga,0,1,1,0
10075,woocESr6ga,1,0,1,0
10076,woocESr6ga,0,0,2,0
10077,wpKA7G7Cqu,0,0,3,0
10078,wpKA7G7Cqu,0,0,3,0
10082,wpKA7G7Cqu,1,0,2,0
10083,wpKA7G7Cqu,0,0,3,0
10084,wpKA7G7Cqu,2,0,1,0
10087,wrGSN9kAVD,1,0,0,1
10088,wrGSN9kAVD,0,0,2,0
10089,wrGSN9kAVD,0,0,1,1
10090,wrGSN9kAVD,0,0,1,1
10091,wrGSN9kAVD,0,0,2,0
10098,wsw7Y085RY,0,0,2,0
10099,wsw7Y085RY,0,0,2,0
10100,wsw7Y085RY,0,0,2,0
10101,ww57OvgpP9,1,0,4,1
10102,ww57OvgpP9,0,1,3,2
10103,ww57OvgpP9,0,4,2,0
10104,ww57OvgpP9,0,0,6,0
10105,ww6mao1xgl,0,0,2,0
10106,ww6mao1xgl,0,0,2,0
10107,wwEJH8o9bQ,1,0,0,1
10108,wwEJH8o9bQ,1,0,1,0
10109,wwEJH8o9bQ,0,0,2,0
10110,wwEJH8o9bQ,0,0,2,0
10111,wwEJH8o9bQ,0,0,2,0
10112,wwEJH8o9bQ,0,0,2,0
10113,wwqrH4mwGq,2,0,1,0
10114,wwqrH4mwGq,2,0,1,0
10115,wwqrH4mwGq,3,0,0,0
10116,wwqrH4mwGq,2,0,1,0
10117,wwqrH4mwGq,2,0,1,0
10130,wz57SLSTk3,0,0,0,2
10131,wz57SLSTk3,0,0,0,2
10132,wz57SLSTk3,0,0,0,2
10133,wz57SLSTk3,0,0,0,2
10134,wz57SLSTk3,0,0,0,2
10143,x4xOtzoYa6,2,0,0,0
10144,x4xOtzoYa6,2,0,0,0
10146,x4xOtzoYa6,0,0,1,1
10147,x4xOtzoYa6,0,2,0,0
10148,x4xOtzoYa6,0,2,0,0
10149,x4xOtzoYa6,2,0,0,0
10156,x6nNQBumUQ,0,1,1,0
10157,x6nNQBumUQ,1,0,1,0
10168,xILwgiWAUk,3,2,4,3
10169,xILwgiWAUk,4,2,3,3
10170,xILwgiWAUk,11,0,1,0
10171,xILwgiWAUk,1,5,3,3
10172,xILwgiWAUk,11,0,1,0
10173,xILwgiWAUk,11,0,1,0
10174,xM56OFSUaN,1,0,3,0
10175,xM56OFSUaN,1,0,2,1
10176,xM56OFSUaN,2,0,0,2
10177,xM56OFSUaN,4,0,0,0
10178,xM56OFSUaN,4,0,0,0
10179,xM56OFSUaN,4,0,0,0
10180,xPdpfcJ65T,7,0,3,1
10181,xPdpfcJ65T,7,0,2,2
10182,xPdpfcJ65T,7,0,2,2
10183,xPdpfcJ65T,7,0,2,2
10184,xPdpfcJ65T,8,0,2,1
10185,xPdpfcJ65T,7,0,2,2
10186,xQLcklRDfM,7,0,1,0
10187,xQLcklRDfM,6,0,2,0
10188,xQLcklRDfM,5,0,2,1
10189,xQLcklRDfM,8,0,0,0
10190,xQLcklRDfM,8,0,0,0
10191,xRN1Ym2hoa,0,0,1,1
10192,xRN1Ym2hoa,1,0,1,0
10193,xRN1Ym2hoa,0,0,2,0
10194,xRN1Ym2hoa,0,0,2,0
10195,xRN1Ym2hoa,0,1,1,0
10196,xRN1Ym2hoa,0,1,1,0
10203,xSYhEkiyp5,6,0,3,2
10204,xSYhEkiyp5,5,0,2,4
10205,xSYhEkiyp5,4,0,0,7
10206,xSYhEkiyp5,6,0,1,4
10220,xbAWn0w9kq,0,0,2,1
10221,xbAWn0w9kq,0,0,2,1
10222,xbAWn0w9kq,0,0,1,2
10223,xbAWn0w9kq,0,0,2,1
10224,xbAWn0w9kq,0,0,1,2
10225,xbAWn0w9kq,1,0,1,1
10234,xf1OYJfvqj,4,0,0,0
10235,xf1OYJfvqj,2,2,0,0
10236,xf1OYJfvqj,4,0,0,0
10237,xf1OYJfvqj,4,0,0,0
10238,xixoixLXCr,2,0,1,0
10239,xixoixLXCr,2,0,1,0
10240,xixoixLXCr,0,0,2,1
10241,xixoixLXCr,1,0,1,1
10242,xixoixLXCr,1,0,1,1
10243,xixoixLXCr,0,0,1,1
10244,xixoixLXCr,0,0,1,1
10245,xixoixLXCr,1,0,1,1
10246,xnj5CyzVVW,9,0,0,1
10247,xnj5CyzVVW,10,0,0,0
10248,xnj5CyzVVW,9,0,1,0
10249,xnj5CyzVVW,10,0,0,0
10250,xnj5CyzVVW,8,0,1,1
10251,xpIUvw8ANa,1,0,0,1
10252,xpIUvw8ANa,0,1,0,1
10253,xpIUvw8ANa,0,0,0,2
10254,xpIUvw8ANa,0,0,0,2
10255,xqc05bgrDk,0,0,1,2
10256,xqc05bgrDk,2,0,0,1
10257,xqc05bgrDk,3,0,0,0
10258,xqc05bgrDk,3,0,0,0
10259,xqc05bgrDk,3,0,0,0
10260,xrUgA8PrNN,3,4,4,0
10261,xrUgA8PrNN,8,0,1,2
10262,xrUgA8PrNN,8,0,2,1
10263,xrUgA8PrNN,3,4,3,1
10264,xrUgA8PrNN,10,0,0,1
10265,xrXxqLadvS,2,0,0,0
10266,xrXxqLadvS,2,0,0,0
10267,xrXxqLadvS,0,0,2,0
10268,xrXxqLadvS,2,0,0,0
10269,xrXxqLadvS,2,0,0,0
10288,y3qyP3ycQi,2,0,1,0
10289,y3qyP3ycQi,2,0,1,0
10290,y3qyP3ycQi,0,0,2,1
10291,y3qyP3ycQi,2,0,1,0
10292,y3qyP3ycQi,2,0,1,0
10293,y3qyP3ycQi,2,0,1,0
10294,y4uR1LFClc,3,0,1,0
10295,y4uR1LFClc,3,0,0,1
10296,y4uR1LFClc,4,0,0,0
10297,y4uR1LFClc,2,0,0,2
10298,y4uR1LFClc,4,0,0,0
10299,y4uR1LFClc,3,1,0,0
10300,y5GiPedJPV,2,0,0,0
10301,y5GiPedJPV,0,0,2,0
10302,y5GiPedJPV,1,1,0,0
10303,y5GiPedJPV,0,1,1,0
10304,y5GiPedJPV,1,0,0,1
10305,y5GiPedJPV,2,0,0,0
10320,yE3zbIOW3e,2,0,0,0
10321,yE3zbIOW3e,1,0,1,0
10322,yE3zbIOW3e,0,0,2,0
10323,yE3zbIOW3e,0,0,2,0
10324,yE3zbIOW3e,1,0,1,0
10325,yE3zbIOW3e,1,0,1,0
10339,yKgAjMNkQO,1,4,0,0
10340,yKgAjMNkQO,0,4,0,1
10341,yKgAjMNkQO,3,0,1,1
10342,yKgAjMNkQO,0,4,0,1
10343,yKgAjMNkQO,5,0,0,0
10344,yKgAjMNkQO,1,4,0,0
10357,yTFTLj7MoN,0,1,1,1
10358,yTFTLj7MoN,2,0,0,1
10359,yTFTLj7MoN,0,0,2,1
10360,yTFTLj7MoN,0,3,0,0
10361,yTFTLj7MoN,2,0,0,1
10362,yTFTLj7MoN,2,0,1,0
10363,yU6X1XZl8t,1,0,1,1
10364,yU6X1XZl8t,0,0,1,2
10365,yU6X1XZl8t,0,0,2,1
10366,yU6X1XZl8t,1,0,2,0
10367,yU6X1XZl8t,0,0,1,2
10368,yU6X1XZl8t,0,0,2,1
10374,yXqnyIvGAy,1,0,0,2
10375,yXqnyIvGAy,2,0,0,1
10376,yXqnyIvGAy,2,0,0,1
10377,yXqnyIvGAy,2,0,0,1
10378,yXqnyIvGAy,2,0,0,1
10379,yXqnyIvGAy,2,0,0,1
10382,yZoB5oNBco,5,0,0,1
10383,yZoB5oNBco,3,0,0,3
10384,yZoB5oNBco,2,0,1,3
10385,yZoB5oNBco,2,0,0,4
10386,ya4nicrVDf,3,0,1,1
10387,ya4nicrVDf,3,0,1,1
10388,ya4nicrVDf,2,0,1,2
10389,ya4nicrVDf,3,0,1,1
10390,ya4nicrVDf,3,0,1,1
10391,ybMDCeOC2m,6,0,1,0
10392,ybMDCeOC2m,6,0,1,0
10393,ybMDCeOC2m,6,0,1,0
10394,ybMDCeOC2m,3,0,2,2
10395,ycj3XWCh6E,0,0,2,0
10396,ycj3XWCh6E,0,0,1,1
10397,ycj3XWCh6E,0,0,2,0
10398,ycj3XWCh6E,1,0,1,0
10399,yd4tq9Rf3L,2,0,0,1
10400,yd4tq9Rf3L,0,1,0,2
10401,yd4tq9Rf3L,1,1,0,1
10402,yd4tq9Rf3L,0,1,0,2
10403,yd4tq9Rf3L,3,0,0,0
10404,yd4tq9Rf3L,2,0,0,1
10405,yeyUprQtAY,6,1,1,2
10406,yeyUprQtAY,8,0,1,1
10407,yeyUprQtAY,9,0,1,0
10408,yeyUprQtAY,7,0,1,2
10409,yeyUprQtAY,7,0,1,2
10410,yeyUprQtAY,7,0,1,2
10411,yhvzMLgpdV,0,0,2,2
10412,yhvzMLgpdV,3,0,0,1
10413,yhvzMLgpdV,3,0,0,1
10414,yhvzMLgpdV,3,0,0,1
10415,yhvzMLgpdV,2,0,0,2
10422,ykTMNA6Mbh,2,0,0,0
10423,ykTMNA6Mbh,2,0,0,0
10424,ykTMNA6Mbh,0,0,1,1
10425,ykTMNA6Mbh,1,0,1,0
10426,ykTMNA6Mbh,0,0,2,0
10427,ykTMNA6Mbh,0,0,1,1
10429,ykWN4LG9vE,3,0,4,6
10432,ykWN4LG9vE,9,0,1,3
10433,ykWN4LG9vE,9,0,2,2
10434,ykWN4LG9vE,8,1,3,1
10435,ykWN4LG9vE,5,2,4,2
10459,yt6vQ8gbGm,0,0,2,0
10460,yt6vQ8gbGm,0,0,1,1
10461,yt6vQ8gbGm,0,0,1,1
10462,yt6vQ8gbGm,0,0,1,1
10463,yt6vQ8gbGm,0,0,0,2
10464,yt6vQ8gbGm,0,0,1,1
10465,ywjHJIkUgW,4,0,0,0
10466,ywjHJIkUgW,4,0,0,0
10467,ywjHJIkUgW,0,0,1,3
10468,ywjHJIkUgW,4,0,0,0
10469,ywjHJIkUgW,4,0,0,0
10490,z9Bo4eXSpW,9,2,0,0
10491,z9Bo4eXSpW,11,0,0,0
10492,z9Bo4eXSpW,11,0,0,0
10493,z9Bo4eXSpW,11,0,0,0
10494,z9Bo4eXSpW,7,1,2,1
10516,zCkFbxKeF5,0,0,1,1
10517,zCkFbxKeF5,0,0,1,1
10518,zCkFbxKeF5,0,0,1,1
10535,zM5MbWc6wc,8,1,6,2
10536,zM5MbWc6wc,3,0,0,0
10537,zM5MbWc6wc,7,0,8,2
10538,zM5MbWc6wc,14,1,2,0
10539,zM5MbWc6wc,3,0,0,0
10540,zM5MbWc6wc,3,0,0,0
10541,zM5MbWc6wc,13,0,2,2
10542,zM5MbWc6wc,13,0,2,2
10543,zPjmtawzT8,1,1,1,0
10544,zPjmtawzT8,2,0,0,1
10545,zPjmtawzT8,1,1,0,1
10562,zfVxpXEZti,1,0,1,0
10563,zfVxpXEZti,0,0,2,0
10564,zfVxpXEZti,0,0,2,0
10565,zfVxpXEZti,0,0,2,0
10566,zfVxpXEZti,0,0,2,0
10567,zfVxpXEZti,1,0,1,0
10568,ziqS4yXFQX,2,0,2,1
10569,ziqS4yXFQX,4,0,0,1
10570,ziqS4yXFQX,3,0,1,1
10571,ziqS4yXFQX,4,0,0,1
10572,ziqS4yXFQX,3,0,2,0
10573,zl3akehFBq,6,0,2,2
10574,zl3akehFBq,6,0,2,2
10575,zl3akehFBq,6,0,2,2
10576,zl3akehFBq,6,0,2,2
10577,zl3akehFBq,5,0,2,3
10578,zl3akehFBq,6,0,2,2
10579,zlSioMUQ2Y,2,0,0,0
10580,zlSioMUQ2Y,2,0,0,0
10581,zlSioMUQ2Y,2,0,0,0
10582,zlSioMUQ2Y,2,0,0,0
10583,zlSioMUQ2Y,2,0,0,0
10584,zlnoC4YPQ1,1,0,2,1
10585,zlnoC4YPQ1,1,0,2,1
10586,zlnoC4YPQ1,0,0,1,3
10587,zlnoC4YPQ1,0,0,1,3
10588,zlnoC4YPQ1,2,0,1,1
10589,zouCZ6s5Zj,0,0,0,2
10590,zouCZ6s5Zj,0,0,2,0
10591,zouCZ6s5Zj,0,0,0,2
10592,zouCZ6s5Zj,0,0,0,2
10593,zrn7rRuvhW,13,0,1,5
10594,zrn7rRuvhW,2,0,0,0
10595,zrn7rRuvhW,15,2,1,1
10596,zrn7rRuvhW,2,0,0,0
10597,zrn7rRuvhW,15,0,4,0
10598,zrn7rRuvhW,10,0,6,3
10599,zrn7rRuvhW,2,0,0,0
10600,zrn7rRuvhW,15,1,1,2
10607,zyMvoKYWMZ,0,0,0,2
10608,zyMvoKYWMZ,0,0,1,1
10609,zyMvoKYWMZ,0,0,0,2
10610,zyMvoKYWMZ,1,0,0,1
10611,zyMvoKYWMZ,0,0,2,0
10612,zyMvoKYWMZ,0,0,2,0
